[merge] loading base Qwen/Qwen2.5-Coder-14B-Instruct in bf16 on cpu ...
Warning: You are sending unauthenticated requests to the HF Hub. Please set a HF_TOKEN to enable higher rate limits and faster downloads.
Loading weights:   0%|          | 0/579 [00:00<?, ?it/s]Loading weights:  83%|████████▎ | 481/579 [00:00<00:00, 4806.41it/s]Loading weights: 100%|██████████| 579/579 [00:00<00:00, 4815.90it/s]
[merge] applying adapter runs/rl_urn_pilot/checkpoint/adapter ...
[merge] merge_and_unload ...
Writing model shards:   0%|          | 0/1 [00:00<?, ?it/s]Writing model shards: 100%|██████████| 1/1 [00:28<00:00, 28.94s/it]Writing model shards: 100%|██████████| 1/1 [00:28<00:00, 28.94s/it]
[merge] saved merged model -> runs/rl_urn_pilot/merged
INFO:hf-to-gguf:Loading model: merged
INFO:hf-to-gguf:Model architecture: Qwen2ForCausalLM
INFO:hf-to-gguf:gguf: indexing model part 'model.safetensors'
INFO:gguf.gguf_writer:gguf: This GGUF file is for Little Endian only
INFO:hf-to-gguf:Exporting model...
INFO:hf-to-gguf:output.weight,             torch.bfloat16 --> Q8_0, shape = {5120, 152064}
INFO:hf-to-gguf:token_embd.weight,         torch.bfloat16 --> Q8_0, shape = {5120, 152064}
INFO:hf-to-gguf:blk.0.attn_norm.weight,    torch.bfloat16 --> F32, shape = {5120}
INFO:hf-to-gguf:blk.0.ffn_down.weight,     torch.bfloat16 --> Q8_0, shape = {13824, 5120}
INFO:hf-to-gguf:blk.0.ffn_gate.weight,     torch.bfloat16 --> Q8_0, shape = {5120, 13824}
INFO:hf-to-gguf:blk.0.ffn_up.weight,       torch.bfloat16 --> Q8_0, shape = {5120, 13824}
INFO:hf-to-gguf:blk.0.ffn_norm.weight,     torch.bfloat16 --> F32, shape = {5120}
INFO:hf-to-gguf:blk.0.attn_k.bias,         torch.bfloat16 --> F32, shape = {1024}
INFO:hf-to-gguf:blk.0.attn_k.weight,       torch.bfloat16 --> Q8_0, shape = {5120, 1024}
INFO:hf-to-gguf:blk.0.attn_output.weight,  torch.bfloat16 --> Q8_0, shape = {5120, 5120}
INFO:hf-to-gguf:blk.0.attn_q.bias,         torch.bfloat16 --> F32, shape = {5120}
INFO:hf-to-gguf:blk.0.attn_q.weight,       torch.bfloat16 --> Q8_0, shape = {5120, 5120}
INFO:hf-to-gguf:blk.0.attn_v.bias,         torch.bfloat16 --> F32, shape = {1024}
INFO:hf-to-gguf:blk.0.attn_v.weight,       torch.bfloat16 --> Q8_0, shape = {5120, 1024}
INFO:hf-to-gguf:blk.1.attn_norm.weight,    torch.bfloat16 --> F32, shape = {5120}
INFO:hf-to-gguf:blk.1.ffn_down.weight,     torch.bfloat16 --> Q8_0, shape = {13824, 5120}
INFO:hf-to-gguf:blk.1.ffn_gate.weight,     torch.bfloat16 --> Q8_0, shape = {5120, 13824}
INFO:hf-to-gguf:blk.1.ffn_up.weight,       torch.bfloat16 --> Q8_0, shape = {5120, 13824}
INFO:hf-to-gguf:blk.1.ffn_norm.weight,     torch.bfloat16 --> F32, shape = {5120}
INFO:hf-to-gguf:blk.1.attn_k.bias,         torch.bfloat16 --> F32, shape = {1024}
INFO:hf-to-gguf:blk.1.attn_k.weight,       torch.bfloat16 --> Q8_0, shape = {5120, 1024}
INFO:hf-to-gguf:blk.1.attn_output.weight,  torch.bfloat16 --> Q8_0, shape = {5120, 5120}
INFO:hf-to-gguf:blk.1.attn_q.bias,         torch.bfloat16 --> F32, shape = {5120}
INFO:hf-to-gguf:blk.1.attn_q.weight,       torch.bfloat16 --> Q8_0, shape = {5120, 5120}
INFO:hf-to-gguf:blk.1.attn_v.bias,         torch.bfloat16 --> F32, shape = {1024}
INFO:hf-to-gguf:blk.1.attn_v.weight,       torch.bfloat16 --> Q8_0, shape = {5120, 1024}
INFO:hf-to-gguf:blk.10.attn_norm.weight,   torch.bfloat16 --> F32, shape = {5120}
INFO:hf-to-gguf:blk.10.ffn_down.weight,    torch.bfloat16 --> Q8_0, shape = {13824, 5120}
INFO:hf-to-gguf:blk.10.ffn_gate.weight,    torch.bfloat16 --> Q8_0, shape = {5120, 13824}
INFO:hf-to-gguf:blk.10.ffn_up.weight,      torch.bfloat16 --> Q8_0, shape = {5120, 13824}
INFO:hf-to-gguf:blk.10.ffn_norm.weight,    torch.bfloat16 --> F32, shape = {5120}
INFO:hf-to-gguf:blk.10.attn_k.bias,        torch.bfloat16 --> F32, shape = {1024}
INFO:hf-to-gguf:blk.10.attn_k.weight,      torch.bfloat16 --> Q8_0, shape = {5120, 1024}
INFO:hf-to-gguf:blk.10.attn_output.weight, torch.bfloat16 --> Q8_0, shape = {5120, 5120}
INFO:hf-to-gguf:blk.10.attn_q.bias,        torch.bfloat16 --> F32, shape = {5120}
INFO:hf-to-gguf:blk.10.attn_q.weight,      torch.bfloat16 --> Q8_0, shape = {5120, 5120}
INFO:hf-to-gguf:blk.10.attn_v.bias,        torch.bfloat16 --> F32, shape = {1024}
INFO:hf-to-gguf:blk.10.attn_v.weight,      torch.bfloat16 --> Q8_0, shape = {5120, 1024}
INFO:hf-to-gguf:blk.11.attn_norm.weight,   torch.bfloat16 --> F32, shape = {5120}
INFO:hf-to-gguf:blk.11.ffn_down.weight,    torch.bfloat16 --> Q8_0, shape = {13824, 5120}
INFO:hf-to-gguf:blk.11.ffn_gate.weight,    torch.bfloat16 --> Q8_0, shape = {5120, 13824}
INFO:hf-to-gguf:blk.11.ffn_up.weight,      torch.bfloat16 --> Q8_0, shape = {5120, 13824}
INFO:hf-to-gguf:blk.11.ffn_norm.weight,    torch.bfloat16 --> F32, shape = {5120}
INFO:hf-to-gguf:blk.11.attn_k.bias,        torch.bfloat16 --> F32, shape = {1024}
INFO:hf-to-gguf:blk.11.attn_k.weight,      torch.bfloat16 --> Q8_0, shape = {5120, 1024}
INFO:hf-to-gguf:blk.11.attn_output.weight, torch.bfloat16 --> Q8_0, shape = {5120, 5120}
INFO:hf-to-gguf:blk.11.attn_q.bias,        torch.bfloat16 --> F32, shape = {5120}
INFO:hf-to-gguf:blk.11.attn_q.weight,      torch.bfloat16 --> Q8_0, shape = {5120, 5120}
INFO:hf-to-gguf:blk.11.attn_v.bias,        torch.bfloat16 --> F32, shape = {1024}
INFO:hf-to-gguf:blk.11.attn_v.weight,      torch.bfloat16 --> Q8_0, shape = {5120, 1024}
INFO:hf-to-gguf:blk.12.attn_norm.weight,   torch.bfloat16 --> F32, shape = {5120}
INFO:hf-to-gguf:blk.12.ffn_down.weight,    torch.bfloat16 --> Q8_0, shape = {13824, 5120}
INFO:hf-to-gguf:blk.12.ffn_gate.weight,    torch.bfloat16 --> Q8_0, shape = {5120, 13824}
INFO:hf-to-gguf:blk.12.ffn_up.weight,      torch.bfloat16 --> Q8_0, shape = {5120, 13824}
INFO:hf-to-gguf:blk.12.ffn_norm.weight,    torch.bfloat16 --> F32, shape = {5120}
INFO:hf-to-gguf:blk.12.attn_k.bias,        torch.bfloat16 --> F32, shape = {1024}
INFO:hf-to-gguf:blk.12.attn_k.weight,      torch.bfloat16 --> Q8_0, shape = {5120, 1024}
INFO:hf-to-gguf:blk.12.attn_output.weight, torch.bfloat16 --> Q8_0, shape = {5120, 5120}
INFO:hf-to-gguf:blk.12.attn_q.bias,        torch.bfloat16 --> F32, shape = {5120}
INFO:hf-to-gguf:blk.12.attn_q.weight,      torch.bfloat16 --> Q8_0, shape = {5120, 5120}
INFO:hf-to-gguf:blk.12.attn_v.bias,        torch.bfloat16 --> F32, shape = {1024}
INFO:hf-to-gguf:blk.12.attn_v.weight,      torch.bfloat16 --> Q8_0, shape = {5120, 1024}
INFO:hf-to-gguf:blk.13.attn_norm.weight,   torch.bfloat16 --> F32, shape = {5120}
INFO:hf-to-gguf:blk.13.ffn_down.weight,    torch.bfloat16 --> Q8_0, shape = {13824, 5120}
INFO:hf-to-gguf:blk.13.ffn_gate.weight,    torch.bfloat16 --> Q8_0, shape = {5120, 13824}
INFO:hf-to-gguf:blk.13.ffn_up.weight,      torch.bfloat16 --> Q8_0, shape = {5120, 13824}
INFO:hf-to-gguf:blk.13.ffn_norm.weight,    torch.bfloat16 --> F32, shape = {5120}
INFO:hf-to-gguf:blk.13.attn_k.bias,        torch.bfloat16 --> F32, shape = {1024}
INFO:hf-to-gguf:blk.13.attn_k.weight,      torch.bfloat16 --> Q8_0, shape = {5120, 1024}
INFO:hf-to-gguf:blk.13.attn_output.weight, torch.bfloat16 --> Q8_0, shape = {5120, 5120}
INFO:hf-to-gguf:blk.13.attn_q.bias,        torch.bfloat16 --> F32, shape = {5120}
INFO:hf-to-gguf:blk.13.attn_q.weight,      torch.bfloat16 --> Q8_0, shape = {5120, 5120}
INFO:hf-to-gguf:blk.13.attn_v.bias,        torch.bfloat16 --> F32, shape = {1024}
INFO:hf-to-gguf:blk.13.attn_v.weight,      torch.bfloat16 --> Q8_0, shape = {5120, 1024}
INFO:hf-to-gguf:blk.14.attn_norm.weight,   torch.bfloat16 --> F32, shape = {5120}
INFO:hf-to-gguf:blk.14.ffn_down.weight,    torch.bfloat16 --> Q8_0, shape = {13824, 5120}
INFO:hf-to-gguf:blk.14.ffn_gate.weight,    torch.bfloat16 --> Q8_0, shape = {5120, 13824}
INFO:hf-to-gguf:blk.14.ffn_up.weight,      torch.bfloat16 --> Q8_0, shape = {5120, 13824}
INFO:hf-to-gguf:blk.14.ffn_norm.weight,    torch.bfloat16 --> F32, shape = {5120}
INFO:hf-to-gguf:blk.14.attn_k.bias,        torch.bfloat16 --> F32, shape = {1024}
INFO:hf-to-gguf:blk.14.attn_k.weight,      torch.bfloat16 --> Q8_0, shape = {5120, 1024}
INFO:hf-to-gguf:blk.14.attn_output.weight, torch.bfloat16 --> Q8_0, shape = {5120, 5120}
INFO:hf-to-gguf:blk.14.attn_q.bias,        torch.bfloat16 --> F32, shape = {5120}
INFO:hf-to-gguf:blk.14.attn_q.weight,      torch.bfloat16 --> Q8_0, shape = {5120, 5120}
INFO:hf-to-gguf:blk.14.attn_v.bias,        torch.bfloat16 --> F32, shape = {1024}
INFO:hf-to-gguf:blk.14.attn_v.weight,      torch.bfloat16 --> Q8_0, shape = {5120, 1024}
INFO:hf-to-gguf:blk.15.attn_norm.weight,   torch.bfloat16 --> F32, shape = {5120}
INFO:hf-to-gguf:blk.15.ffn_down.weight,    torch.bfloat16 --> Q8_0, shape = {13824, 5120}
INFO:hf-to-gguf:blk.15.ffn_gate.weight,    torch.bfloat16 --> Q8_0, shape = {5120, 13824}
INFO:hf-to-gguf:blk.15.ffn_up.weight,      torch.bfloat16 --> Q8_0, shape = {5120, 13824}
INFO:hf-to-gguf:blk.15.ffn_norm.weight,    torch.bfloat16 --> F32, shape = {5120}
INFO:hf-to-gguf:blk.15.attn_k.bias,        torch.bfloat16 --> F32, shape = {1024}
INFO:hf-to-gguf:blk.15.attn_k.weight,      torch.bfloat16 --> Q8_0, shape = {5120, 1024}
INFO:hf-to-gguf:blk.15.attn_output.weight, torch.bfloat16 --> Q8_0, shape = {5120, 5120}
INFO:hf-to-gguf:blk.15.attn_q.bias,        torch.bfloat16 --> F32, shape = {5120}
INFO:hf-to-gguf:blk.15.attn_q.weight,      torch.bfloat16 --> Q8_0, shape = {5120, 5120}
INFO:hf-to-gguf:blk.15.attn_v.bias,        torch.bfloat16 --> F32, shape = {1024}
INFO:hf-to-gguf:blk.15.attn_v.weight,      torch.bfloat16 --> Q8_0, shape = {5120, 1024}
INFO:hf-to-gguf:blk.16.attn_norm.weight,   torch.bfloat16 --> F32, shape = {5120}
INFO:hf-to-gguf:blk.16.ffn_down.weight,    torch.bfloat16 --> Q8_0, shape = {13824, 5120}
INFO:hf-to-gguf:blk.16.ffn_gate.weight,    torch.bfloat16 --> Q8_0, shape = {5120, 13824}
INFO:hf-to-gguf:blk.16.ffn_up.weight,      torch.bfloat16 --> Q8_0, shape = {5120, 13824}
INFO:hf-to-gguf:blk.16.ffn_norm.weight,    torch.bfloat16 --> F32, shape = {5120}
INFO:hf-to-gguf:blk.16.attn_k.bias,        torch.bfloat16 --> F32, shape = {1024}
INFO:hf-to-gguf:blk.16.attn_k.weight,      torch.bfloat16 --> Q8_0, shape = {5120, 1024}
INFO:hf-to-gguf:blk.16.attn_output.weight, torch.bfloat16 --> Q8_0, shape = {5120, 5120}
INFO:hf-to-gguf:blk.16.attn_q.bias,        torch.bfloat16 --> F32, shape = {5120}
INFO:hf-to-gguf:blk.16.attn_q.weight,      torch.bfloat16 --> Q8_0, shape = {5120, 5120}
INFO:hf-to-gguf:blk.16.attn_v.bias,        torch.bfloat16 --> F32, shape = {1024}
INFO:hf-to-gguf:blk.16.attn_v.weight,      torch.bfloat16 --> Q8_0, shape = {5120, 1024}
INFO:hf-to-gguf:blk.17.attn_norm.weight,   torch.bfloat16 --> F32, shape = {5120}
INFO:hf-to-gguf:blk.17.ffn_down.weight,    torch.bfloat16 --> Q8_0, shape = {13824, 5120}
INFO:hf-to-gguf:blk.17.ffn_gate.weight,    torch.bfloat16 --> Q8_0, shape = {5120, 13824}
INFO:hf-to-gguf:blk.17.ffn_up.weight,      torch.bfloat16 --> Q8_0, shape = {5120, 13824}
INFO:hf-to-gguf:blk.17.ffn_norm.weight,    torch.bfloat16 --> F32, shape = {5120}
INFO:hf-to-gguf:blk.17.attn_k.bias,        torch.bfloat16 --> F32, shape = {1024}
INFO:hf-to-gguf:blk.17.attn_k.weight,      torch.bfloat16 --> Q8_0, shape = {5120, 1024}
INFO:hf-to-gguf:blk.17.attn_output.weight, torch.bfloat16 --> Q8_0, shape = {5120, 5120}
INFO:hf-to-gguf:blk.17.attn_q.bias,        torch.bfloat16 --> F32, shape = {5120}
INFO:hf-to-gguf:blk.17.attn_q.weight,      torch.bfloat16 --> Q8_0, shape = {5120, 5120}
INFO:hf-to-gguf:blk.17.attn_v.bias,        torch.bfloat16 --> F32, shape = {1024}
INFO:hf-to-gguf:blk.17.attn_v.weight,      torch.bfloat16 --> Q8_0, shape = {5120, 1024}
INFO:hf-to-gguf:blk.18.attn_norm.weight,   torch.bfloat16 --> F32, shape = {5120}
INFO:hf-to-gguf:blk.18.ffn_down.weight,    torch.bfloat16 --> Q8_0, shape = {13824, 5120}
INFO:hf-to-gguf:blk.18.ffn_gate.weight,    torch.bfloat16 --> Q8_0, shape = {5120, 13824}
INFO:hf-to-gguf:blk.18.ffn_up.weight,      torch.bfloat16 --> Q8_0, shape = {5120, 13824}
INFO:hf-to-gguf:blk.18.ffn_norm.weight,    torch.bfloat16 --> F32, shape = {5120}
INFO:hf-to-gguf:blk.18.attn_k.bias,        torch.bfloat16 --> F32, shape = {1024}
INFO:hf-to-gguf:blk.18.attn_k.weight,      torch.bfloat16 --> Q8_0, shape = {5120, 1024}
INFO:hf-to-gguf:blk.18.attn_output.weight, torch.bfloat16 --> Q8_0, shape = {5120, 5120}
INFO:hf-to-gguf:blk.18.attn_q.bias,        torch.bfloat16 --> F32, shape = {5120}
INFO:hf-to-gguf:blk.18.attn_q.weight,      torch.bfloat16 --> Q8_0, shape = {5120, 5120}
INFO:hf-to-gguf:blk.18.attn_v.bias,        torch.bfloat16 --> F32, shape = {1024}
INFO:hf-to-gguf:blk.18.attn_v.weight,      torch.bfloat16 --> Q8_0, shape = {5120, 1024}
INFO:hf-to-gguf:blk.19.attn_norm.weight,   torch.bfloat16 --> F32, shape = {5120}
INFO:hf-to-gguf:blk.19.ffn_down.weight,    torch.bfloat16 --> Q8_0, shape = {13824, 5120}
INFO:hf-to-gguf:blk.19.ffn_gate.weight,    torch.bfloat16 --> Q8_0, shape = {5120, 13824}
INFO:hf-to-gguf:blk.19.ffn_up.weight,      torch.bfloat16 --> Q8_0, shape = {5120, 13824}
INFO:hf-to-gguf:blk.19.ffn_norm.weight,    torch.bfloat16 --> F32, shape = {5120}
INFO:hf-to-gguf:blk.19.attn_k.bias,        torch.bfloat16 --> F32, shape = {1024}
INFO:hf-to-gguf:blk.19.attn_k.weight,      torch.bfloat16 --> Q8_0, shape = {5120, 1024}
INFO:hf-to-gguf:blk.19.attn_output.weight, torch.bfloat16 --> Q8_0, shape = {5120, 5120}
INFO:hf-to-gguf:blk.19.attn_q.bias,        torch.bfloat16 --> F32, shape = {5120}
INFO:hf-to-gguf:blk.19.attn_q.weight,      torch.bfloat16 --> Q8_0, shape = {5120, 5120}
INFO:hf-to-gguf:blk.19.attn_v.bias,        torch.bfloat16 --> F32, shape = {1024}
INFO:hf-to-gguf:blk.19.attn_v.weight,      torch.bfloat16 --> Q8_0, shape = {5120, 1024}
INFO:hf-to-gguf:blk.2.attn_norm.weight,    torch.bfloat16 --> F32, shape = {5120}
INFO:hf-to-gguf:blk.2.ffn_down.weight,     torch.bfloat16 --> Q8_0, shape = {13824, 5120}
INFO:hf-to-gguf:blk.2.ffn_gate.weight,     torch.bfloat16 --> Q8_0, shape = {5120, 13824}
INFO:hf-to-gguf:blk.2.ffn_up.weight,       torch.bfloat16 --> Q8_0, shape = {5120, 13824}
INFO:hf-to-gguf:blk.2.ffn_norm.weight,     torch.bfloat16 --> F32, shape = {5120}
INFO:hf-to-gguf:blk.2.attn_k.bias,         torch.bfloat16 --> F32, shape = {1024}
INFO:hf-to-gguf:blk.2.attn_k.weight,       torch.bfloat16 --> Q8_0, shape = {5120, 1024}
INFO:hf-to-gguf:blk.2.attn_output.weight,  torch.bfloat16 --> Q8_0, shape = {5120, 5120}
INFO:hf-to-gguf:blk.2.attn_q.bias,         torch.bfloat16 --> F32, shape = {5120}
INFO:hf-to-gguf:blk.2.attn_q.weight,       torch.bfloat16 --> Q8_0, shape = {5120, 5120}
INFO:hf-to-gguf:blk.2.attn_v.bias,         torch.bfloat16 --> F32, shape = {1024}
INFO:hf-to-gguf:blk.2.attn_v.weight,       torch.bfloat16 --> Q8_0, shape = {5120, 1024}
INFO:hf-to-gguf:blk.20.attn_norm.weight,   torch.bfloat16 --> F32, shape = {5120}
INFO:hf-to-gguf:blk.20.ffn_down.weight,    torch.bfloat16 --> Q8_0, shape = {13824, 5120}
INFO:hf-to-gguf:blk.20.ffn_gate.weight,    torch.bfloat16 --> Q8_0, shape = {5120, 13824}
INFO:hf-to-gguf:blk.20.ffn_up.weight,      torch.bfloat16 --> Q8_0, shape = {5120, 13824}
INFO:hf-to-gguf:blk.20.ffn_norm.weight,    torch.bfloat16 --> F32, shape = {5120}
INFO:hf-to-gguf:blk.20.attn_k.bias,        torch.bfloat16 --> F32, shape = {1024}
INFO:hf-to-gguf:blk.20.attn_k.weight,      torch.bfloat16 --> Q8_0, shape = {5120, 1024}
INFO:hf-to-gguf:blk.20.attn_output.weight, torch.bfloat16 --> Q8_0, shape = {5120, 5120}
INFO:hf-to-gguf:blk.20.attn_q.bias,        torch.bfloat16 --> F32, shape = {5120}
INFO:hf-to-gguf:blk.20.attn_q.weight,      torch.bfloat16 --> Q8_0, shape = {5120, 5120}
INFO:hf-to-gguf:blk.20.attn_v.bias,        torch.bfloat16 --> F32, shape = {1024}
INFO:hf-to-gguf:blk.20.attn_v.weight,      torch.bfloat16 --> Q8_0, shape = {5120, 1024}
INFO:hf-to-gguf:blk.21.attn_norm.weight,   torch.bfloat16 --> F32, shape = {5120}
INFO:hf-to-gguf:blk.21.ffn_down.weight,    torch.bfloat16 --> Q8_0, shape = {13824, 5120}
INFO:hf-to-gguf:blk.21.ffn_gate.weight,    torch.bfloat16 --> Q8_0, shape = {5120, 13824}
INFO:hf-to-gguf:blk.21.ffn_up.weight,      torch.bfloat16 --> Q8_0, shape = {5120, 13824}
INFO:hf-to-gguf:blk.21.ffn_norm.weight,    torch.bfloat16 --> F32, shape = {5120}
INFO:hf-to-gguf:blk.21.attn_k.bias,        torch.bfloat16 --> F32, shape = {1024}
INFO:hf-to-gguf:blk.21.attn_k.weight,      torch.bfloat16 --> Q8_0, shape = {5120, 1024}
INFO:hf-to-gguf:blk.21.attn_output.weight, torch.bfloat16 --> Q8_0, shape = {5120, 5120}
INFO:hf-to-gguf:blk.21.attn_q.bias,        torch.bfloat16 --> F32, shape = {5120}
INFO:hf-to-gguf:blk.21.attn_q.weight,      torch.bfloat16 --> Q8_0, shape = {5120, 5120}
INFO:hf-to-gguf:blk.21.attn_v.bias,        torch.bfloat16 --> F32, shape = {1024}
INFO:hf-to-gguf:blk.21.attn_v.weight,      torch.bfloat16 --> Q8_0, shape = {5120, 1024}
INFO:hf-to-gguf:blk.22.attn_norm.weight,   torch.bfloat16 --> F32, shape = {5120}
INFO:hf-to-gguf:blk.22.ffn_down.weight,    torch.bfloat16 --> Q8_0, shape = {13824, 5120}
INFO:hf-to-gguf:blk.22.ffn_gate.weight,    torch.bfloat16 --> Q8_0, shape = {5120, 13824}
INFO:hf-to-gguf:blk.22.ffn_up.weight,      torch.bfloat16 --> Q8_0, shape = {5120, 13824}
INFO:hf-to-gguf:blk.22.ffn_norm.weight,    torch.bfloat16 --> F32, shape = {5120}
INFO:hf-to-gguf:blk.22.attn_k.bias,        torch.bfloat16 --> F32, shape = {1024}
INFO:hf-to-gguf:blk.22.attn_k.weight,      torch.bfloat16 --> Q8_0, shape = {5120, 1024}
INFO:hf-to-gguf:blk.22.attn_output.weight, torch.bfloat16 --> Q8_0, shape = {5120, 5120}
INFO:hf-to-gguf:blk.22.attn_q.bias,        torch.bfloat16 --> F32, shape = {5120}
INFO:hf-to-gguf:blk.22.attn_q.weight,      torch.bfloat16 --> Q8_0, shape = {5120, 5120}
INFO:hf-to-gguf:blk.22.attn_v.bias,        torch.bfloat16 --> F32, shape = {1024}
INFO:hf-to-gguf:blk.22.attn_v.weight,      torch.bfloat16 --> Q8_0, shape = {5120, 1024}
INFO:hf-to-gguf:blk.23.attn_norm.weight,   torch.bfloat16 --> F32, shape = {5120}
INFO:hf-to-gguf:blk.23.ffn_down.weight,    torch.bfloat16 --> Q8_0, shape = {13824, 5120}
INFO:hf-to-gguf:blk.23.ffn_gate.weight,    torch.bfloat16 --> Q8_0, shape = {5120, 13824}
INFO:hf-to-gguf:blk.23.ffn_up.weight,      torch.bfloat16 --> Q8_0, shape = {5120, 13824}
INFO:hf-to-gguf:blk.23.ffn_norm.weight,    torch.bfloat16 --> F32, shape = {5120}
INFO:hf-to-gguf:blk.23.attn_k.bias,        torch.bfloat16 --> F32, shape = {1024}
INFO:hf-to-gguf:blk.23.attn_k.weight,      torch.bfloat16 --> Q8_0, shape = {5120, 1024}
INFO:hf-to-gguf:blk.23.attn_output.weight, torch.bfloat16 --> Q8_0, shape = {5120, 5120}
INFO:hf-to-gguf:blk.23.attn_q.bias,        torch.bfloat16 --> F32, shape = {5120}
INFO:hf-to-gguf:blk.23.attn_q.weight,      torch.bfloat16 --> Q8_0, shape = {5120, 5120}
INFO:hf-to-gguf:blk.23.attn_v.bias,        torch.bfloat16 --> F32, shape = {1024}
INFO:hf-to-gguf:blk.23.attn_v.weight,      torch.bfloat16 --> Q8_0, shape = {5120, 1024}
INFO:hf-to-gguf:blk.24.attn_norm.weight,   torch.bfloat16 --> F32, shape = {5120}
INFO:hf-to-gguf:blk.24.ffn_down.weight,    torch.bfloat16 --> Q8_0, shape = {13824, 5120}
INFO:hf-to-gguf:blk.24.ffn_gate.weight,    torch.bfloat16 --> Q8_0, shape = {5120, 13824}
INFO:hf-to-gguf:blk.24.ffn_up.weight,      torch.bfloat16 --> Q8_0, shape = {5120, 13824}
INFO:hf-to-gguf:blk.24.ffn_norm.weight,    torch.bfloat16 --> F32, shape = {5120}
INFO:hf-to-gguf:blk.24.attn_k.bias,        torch.bfloat16 --> F32, shape = {1024}
INFO:hf-to-gguf:blk.24.attn_k.weight,      torch.bfloat16 --> Q8_0, shape = {5120, 1024}
INFO:hf-to-gguf:blk.24.attn_output.weight, torch.bfloat16 --> Q8_0, shape = {5120, 5120}
INFO:hf-to-gguf:blk.24.attn_q.bias,        torch.bfloat16 --> F32, shape = {5120}
INFO:hf-to-gguf:blk.24.attn_q.weight,      torch.bfloat16 --> Q8_0, shape = {5120, 5120}
INFO:hf-to-gguf:blk.24.attn_v.bias,        torch.bfloat16 --> F32, shape = {1024}
INFO:hf-to-gguf:blk.24.attn_v.weight,      torch.bfloat16 --> Q8_0, shape = {5120, 1024}
INFO:hf-to-gguf:blk.25.attn_norm.weight,   torch.bfloat16 --> F32, shape = {5120}
INFO:hf-to-gguf:blk.25.ffn_down.weight,    torch.bfloat16 --> Q8_0, shape = {13824, 5120}
INFO:hf-to-gguf:blk.25.ffn_gate.weight,    torch.bfloat16 --> Q8_0, shape = {5120, 13824}
INFO:hf-to-gguf:blk.25.ffn_up.weight,      torch.bfloat16 --> Q8_0, shape = {5120, 13824}
INFO:hf-to-gguf:blk.25.ffn_norm.weight,    torch.bfloat16 --> F32, shape = {5120}
INFO:hf-to-gguf:blk.25.attn_k.bias,        torch.bfloat16 --> F32, shape = {1024}
INFO:hf-to-gguf:blk.25.attn_k.weight,      torch.bfloat16 --> Q8_0, shape = {5120, 1024}
INFO:hf-to-gguf:blk.25.attn_output.weight, torch.bfloat16 --> Q8_0, shape = {5120, 5120}
INFO:hf-to-gguf:blk.25.attn_q.bias,        torch.bfloat16 --> F32, shape = {5120}
INFO:hf-to-gguf:blk.25.attn_q.weight,      torch.bfloat16 --> Q8_0, shape = {5120, 5120}
INFO:hf-to-gguf:blk.25.attn_v.bias,        torch.bfloat16 --> F32, shape = {1024}
INFO:hf-to-gguf:blk.25.attn_v.weight,      torch.bfloat16 --> Q8_0, shape = {5120, 1024}
INFO:hf-to-gguf:blk.26.attn_norm.weight,   torch.bfloat16 --> F32, shape = {5120}
INFO:hf-to-gguf:blk.26.ffn_down.weight,    torch.bfloat16 --> Q8_0, shape = {13824, 5120}
INFO:hf-to-gguf:blk.26.ffn_gate.weight,    torch.bfloat16 --> Q8_0, shape = {5120, 13824}
INFO:hf-to-gguf:blk.26.ffn_up.weight,      torch.bfloat16 --> Q8_0, shape = {5120, 13824}
INFO:hf-to-gguf:blk.26.ffn_norm.weight,    torch.bfloat16 --> F32, shape = {5120}
INFO:hf-to-gguf:blk.26.attn_k.bias,        torch.bfloat16 --> F32, shape = {1024}
INFO:hf-to-gguf:blk.26.attn_k.weight,      torch.bfloat16 --> Q8_0, shape = {5120, 1024}
INFO:hf-to-gguf:blk.26.attn_output.weight, torch.bfloat16 --> Q8_0, shape = {5120, 5120}
INFO:hf-to-gguf:blk.26.attn_q.bias,        torch.bfloat16 --> F32, shape = {5120}
INFO:hf-to-gguf:blk.26.attn_q.weight,      torch.bfloat16 --> Q8_0, shape = {5120, 5120}
INFO:hf-to-gguf:blk.26.attn_v.bias,        torch.bfloat16 --> F32, shape = {1024}
INFO:hf-to-gguf:blk.26.attn_v.weight,      torch.bfloat16 --> Q8_0, shape = {5120, 1024}
INFO:hf-to-gguf:blk.27.attn_norm.weight,   torch.bfloat16 --> F32, shape = {5120}
INFO:hf-to-gguf:blk.27.ffn_down.weight,    torch.bfloat16 --> Q8_0, shape = {13824, 5120}
INFO:hf-to-gguf:blk.27.ffn_gate.weight,    torch.bfloat16 --> Q8_0, shape = {5120, 13824}
INFO:hf-to-gguf:blk.27.ffn_up.weight,      torch.bfloat16 --> Q8_0, shape = {5120, 13824}
INFO:hf-to-gguf:blk.27.ffn_norm.weight,    torch.bfloat16 --> F32, shape = {5120}
INFO:hf-to-gguf:blk.27.attn_k.bias,        torch.bfloat16 --> F32, shape = {1024}
INFO:hf-to-gguf:blk.27.attn_k.weight,      torch.bfloat16 --> Q8_0, shape = {5120, 1024}
INFO:hf-to-gguf:blk.27.attn_output.weight, torch.bfloat16 --> Q8_0, shape = {5120, 5120}
INFO:hf-to-gguf:blk.27.attn_q.bias,        torch.bfloat16 --> F32, shape = {5120}
INFO:hf-to-gguf:blk.27.attn_q.weight,      torch.bfloat16 --> Q8_0, shape = {5120, 5120}
INFO:hf-to-gguf:blk.27.attn_v.bias,        torch.bfloat16 --> F32, shape = {1024}
INFO:hf-to-gguf:blk.27.attn_v.weight,      torch.bfloat16 --> Q8_0, shape = {5120, 1024}
INFO:hf-to-gguf:blk.28.attn_norm.weight,   torch.bfloat16 --> F32, shape = {5120}
INFO:hf-to-gguf:blk.28.ffn_down.weight,    torch.bfloat16 --> Q8_0, shape = {13824, 5120}
INFO:hf-to-gguf:blk.28.ffn_gate.weight,    torch.bfloat16 --> Q8_0, shape = {5120, 13824}
INFO:hf-to-gguf:blk.28.ffn_up.weight,      torch.bfloat16 --> Q8_0, shape = {5120, 13824}
INFO:hf-to-gguf:blk.28.ffn_norm.weight,    torch.bfloat16 --> F32, shape = {5120}
INFO:hf-to-gguf:blk.28.attn_k.bias,        torch.bfloat16 --> F32, shape = {1024}
INFO:hf-to-gguf:blk.28.attn_k.weight,      torch.bfloat16 --> Q8_0, shape = {5120, 1024}
INFO:hf-to-gguf:blk.28.attn_output.weight, torch.bfloat16 --> Q8_0, shape = {5120, 5120}
INFO:hf-to-gguf:blk.28.attn_q.bias,        torch.bfloat16 --> F32, shape = {5120}
INFO:hf-to-gguf:blk.28.attn_q.weight,      torch.bfloat16 --> Q8_0, shape = {5120, 5120}
INFO:hf-to-gguf:blk.28.attn_v.bias,        torch.bfloat16 --> F32, shape = {1024}
INFO:hf-to-gguf:blk.28.attn_v.weight,      torch.bfloat16 --> Q8_0, shape = {5120, 1024}
INFO:hf-to-gguf:blk.29.attn_norm.weight,   torch.bfloat16 --> F32, shape = {5120}
INFO:hf-to-gguf:blk.29.ffn_down.weight,    torch.bfloat16 --> Q8_0, shape = {13824, 5120}
INFO:hf-to-gguf:blk.29.ffn_gate.weight,    torch.bfloat16 --> Q8_0, shape = {5120, 13824}
INFO:hf-to-gguf:blk.29.ffn_up.weight,      torch.bfloat16 --> Q8_0, shape = {5120, 13824}
INFO:hf-to-gguf:blk.29.ffn_norm.weight,    torch.bfloat16 --> F32, shape = {5120}
INFO:hf-to-gguf:blk.29.attn_k.bias,        torch.bfloat16 --> F32, shape = {1024}
INFO:hf-to-gguf:blk.29.attn_k.weight,      torch.bfloat16 --> Q8_0, shape = {5120, 1024}
INFO:hf-to-gguf:blk.29.attn_output.weight, torch.bfloat16 --> Q8_0, shape = {5120, 5120}
INFO:hf-to-gguf:blk.29.attn_q.bias,        torch.bfloat16 --> F32, shape = {5120}
INFO:hf-to-gguf:blk.29.attn_q.weight,      torch.bfloat16 --> Q8_0, shape = {5120, 5120}
INFO:hf-to-gguf:blk.29.attn_v.bias,        torch.bfloat16 --> F32, shape = {1024}
INFO:hf-to-gguf:blk.29.attn_v.weight,      torch.bfloat16 --> Q8_0, shape = {5120, 1024}
INFO:hf-to-gguf:blk.3.attn_norm.weight,    torch.bfloat16 --> F32, shape = {5120}
INFO:hf-to-gguf:blk.3.ffn_down.weight,     torch.bfloat16 --> Q8_0, shape = {13824, 5120}
INFO:hf-to-gguf:blk.3.ffn_gate.weight,     torch.bfloat16 --> Q8_0, shape = {5120, 13824}
INFO:hf-to-gguf:blk.3.ffn_up.weight,       torch.bfloat16 --> Q8_0, shape = {5120, 13824}
INFO:hf-to-gguf:blk.3.ffn_norm.weight,     torch.bfloat16 --> F32, shape = {5120}
INFO:hf-to-gguf:blk.3.attn_k.bias,         torch.bfloat16 --> F32, shape = {1024}
INFO:hf-to-gguf:blk.3.attn_k.weight,       torch.bfloat16 --> Q8_0, shape = {5120, 1024}
INFO:hf-to-gguf:blk.3.attn_output.weight,  torch.bfloat16 --> Q8_0, shape = {5120, 5120}
INFO:hf-to-gguf:blk.3.attn_q.bias,         torch.bfloat16 --> F32, shape = {5120}
INFO:hf-to-gguf:blk.3.attn_q.weight,       torch.bfloat16 --> Q8_0, shape = {5120, 5120}
INFO:hf-to-gguf:blk.3.attn_v.bias,         torch.bfloat16 --> F32, shape = {1024}
INFO:hf-to-gguf:blk.3.attn_v.weight,       torch.bfloat16 --> Q8_0, shape = {5120, 1024}
INFO:hf-to-gguf:blk.30.attn_norm.weight,   torch.bfloat16 --> F32, shape = {5120}
INFO:hf-to-gguf:blk.30.ffn_down.weight,    torch.bfloat16 --> Q8_0, shape = {13824, 5120}
INFO:hf-to-gguf:blk.30.ffn_gate.weight,    torch.bfloat16 --> Q8_0, shape = {5120, 13824}
INFO:hf-to-gguf:blk.30.ffn_up.weight,      torch.bfloat16 --> Q8_0, shape = {5120, 13824}
INFO:hf-to-gguf:blk.30.ffn_norm.weight,    torch.bfloat16 --> F32, shape = {5120}
INFO:hf-to-gguf:blk.30.attn_k.bias,        torch.bfloat16 --> F32, shape = {1024}
INFO:hf-to-gguf:blk.30.attn_k.weight,      torch.bfloat16 --> Q8_0, shape = {5120, 1024}
INFO:hf-to-gguf:blk.30.attn_output.weight, torch.bfloat16 --> Q8_0, shape = {5120, 5120}
INFO:hf-to-gguf:blk.30.attn_q.bias,        torch.bfloat16 --> F32, shape = {5120}
INFO:hf-to-gguf:blk.30.attn_q.weight,      torch.bfloat16 --> Q8_0, shape = {5120, 5120}
INFO:hf-to-gguf:blk.30.attn_v.bias,        torch.bfloat16 --> F32, shape = {1024}
INFO:hf-to-gguf:blk.30.attn_v.weight,      torch.bfloat16 --> Q8_0, shape = {5120, 1024}
INFO:hf-to-gguf:blk.31.attn_norm.weight,   torch.bfloat16 --> F32, shape = {5120}
INFO:hf-to-gguf:blk.31.ffn_down.weight,    torch.bfloat16 --> Q8_0, shape = {13824, 5120}
INFO:hf-to-gguf:blk.31.ffn_gate.weight,    torch.bfloat16 --> Q8_0, shape = {5120, 13824}
INFO:hf-to-gguf:blk.31.ffn_up.weight,      torch.bfloat16 --> Q8_0, shape = {5120, 13824}
INFO:hf-to-gguf:blk.31.ffn_norm.weight,    torch.bfloat16 --> F32, shape = {5120}
INFO:hf-to-gguf:blk.31.attn_k.bias,        torch.bfloat16 --> F32, shape = {1024}
INFO:hf-to-gguf:blk.31.attn_k.weight,      torch.bfloat16 --> Q8_0, shape = {5120, 1024}
INFO:hf-to-gguf:blk.31.attn_output.weight, torch.bfloat16 --> Q8_0, shape = {5120, 5120}
INFO:hf-to-gguf:blk.31.attn_q.bias,        torch.bfloat16 --> F32, shape = {5120}
INFO:hf-to-gguf:blk.31.attn_q.weight,      torch.bfloat16 --> Q8_0, shape = {5120, 5120}
INFO:hf-to-gguf:blk.31.attn_v.bias,        torch.bfloat16 --> F32, shape = {1024}
INFO:hf-to-gguf:blk.31.attn_v.weight,      torch.bfloat16 --> Q8_0, shape = {5120, 1024}
INFO:hf-to-gguf:blk.32.attn_norm.weight,   torch.bfloat16 --> F32, shape = {5120}
INFO:hf-to-gguf:blk.32.ffn_down.weight,    torch.bfloat16 --> Q8_0, shape = {13824, 5120}
INFO:hf-to-gguf:blk.32.ffn_gate.weight,    torch.bfloat16 --> Q8_0, shape = {5120, 13824}
INFO:hf-to-gguf:blk.32.ffn_up.weight,      torch.bfloat16 --> Q8_0, shape = {5120, 13824}
INFO:hf-to-gguf:blk.32.ffn_norm.weight,    torch.bfloat16 --> F32, shape = {5120}
INFO:hf-to-gguf:blk.32.attn_k.bias,        torch.bfloat16 --> F32, shape = {1024}
INFO:hf-to-gguf:blk.32.attn_k.weight,      torch.bfloat16 --> Q8_0, shape = {5120, 1024}
INFO:hf-to-gguf:blk.32.attn_output.weight, torch.bfloat16 --> Q8_0, shape = {5120, 5120}
INFO:hf-to-gguf:blk.32.attn_q.bias,        torch.bfloat16 --> F32, shape = {5120}
INFO:hf-to-gguf:blk.32.attn_q.weight,      torch.bfloat16 --> Q8_0, shape = {5120, 5120}
INFO:hf-to-gguf:blk.32.attn_v.bias,        torch.bfloat16 --> F32, shape = {1024}
INFO:hf-to-gguf:blk.32.attn_v.weight,      torch.bfloat16 --> Q8_0, shape = {5120, 1024}
INFO:hf-to-gguf:blk.33.attn_norm.weight,   torch.bfloat16 --> F32, shape = {5120}
INFO:hf-to-gguf:blk.33.ffn_down.weight,    torch.bfloat16 --> Q8_0, shape = {13824, 5120}
INFO:hf-to-gguf:blk.33.ffn_gate.weight,    torch.bfloat16 --> Q8_0, shape = {5120, 13824}
INFO:hf-to-gguf:blk.33.ffn_up.weight,      torch.bfloat16 --> Q8_0, shape = {5120, 13824}
INFO:hf-to-gguf:blk.33.ffn_norm.weight,    torch.bfloat16 --> F32, shape = {5120}
INFO:hf-to-gguf:blk.33.attn_k.bias,        torch.bfloat16 --> F32, shape = {1024}
INFO:hf-to-gguf:blk.33.attn_k.weight,      torch.bfloat16 --> Q8_0, shape = {5120, 1024}
INFO:hf-to-gguf:blk.33.attn_output.weight, torch.bfloat16 --> Q8_0, shape = {5120, 5120}
INFO:hf-to-gguf:blk.33.attn_q.bias,        torch.bfloat16 --> F32, shape = {5120}
INFO:hf-to-gguf:blk.33.attn_q.weight,      torch.bfloat16 --> Q8_0, shape = {5120, 5120}
INFO:hf-to-gguf:blk.33.attn_v.bias,        torch.bfloat16 --> F32, shape = {1024}
INFO:hf-to-gguf:blk.33.attn_v.weight,      torch.bfloat16 --> Q8_0, shape = {5120, 1024}
INFO:hf-to-gguf:blk.34.attn_norm.weight,   torch.bfloat16 --> F32, shape = {5120}
INFO:hf-to-gguf:blk.34.ffn_down.weight,    torch.bfloat16 --> Q8_0, shape = {13824, 5120}
INFO:hf-to-gguf:blk.34.ffn_gate.weight,    torch.bfloat16 --> Q8_0, shape = {5120, 13824}
INFO:hf-to-gguf:blk.34.ffn_up.weight,      torch.bfloat16 --> Q8_0, shape = {5120, 13824}
INFO:hf-to-gguf:blk.34.ffn_norm.weight,    torch.bfloat16 --> F32, shape = {5120}
INFO:hf-to-gguf:blk.34.attn_k.bias,        torch.bfloat16 --> F32, shape = {1024}
INFO:hf-to-gguf:blk.34.attn_k.weight,      torch.bfloat16 --> Q8_0, shape = {5120, 1024}
INFO:hf-to-gguf:blk.34.attn_output.weight, torch.bfloat16 --> Q8_0, shape = {5120, 5120}
INFO:hf-to-gguf:blk.34.attn_q.bias,        torch.bfloat16 --> F32, shape = {5120}
INFO:hf-to-gguf:blk.34.attn_q.weight,      torch.bfloat16 --> Q8_0, shape = {5120, 5120}
INFO:hf-to-gguf:blk.34.attn_v.bias,        torch.bfloat16 --> F32, shape = {1024}
INFO:hf-to-gguf:blk.34.attn_v.weight,      torch.bfloat16 --> Q8_0, shape = {5120, 1024}
INFO:hf-to-gguf:blk.35.attn_norm.weight,   torch.bfloat16 --> F32, shape = {5120}
INFO:hf-to-gguf:blk.35.ffn_down.weight,    torch.bfloat16 --> Q8_0, shape = {13824, 5120}
INFO:hf-to-gguf:blk.35.ffn_gate.weight,    torch.bfloat16 --> Q8_0, shape = {5120, 13824}
INFO:hf-to-gguf:blk.35.ffn_up.weight,      torch.bfloat16 --> Q8_0, shape = {5120, 13824}
INFO:hf-to-gguf:blk.35.ffn_norm.weight,    torch.bfloat16 --> F32, shape = {5120}
INFO:hf-to-gguf:blk.35.attn_k.bias,        torch.bfloat16 --> F32, shape = {1024}
INFO:hf-to-gguf:blk.35.attn_k.weight,      torch.bfloat16 --> Q8_0, shape = {5120, 1024}
INFO:hf-to-gguf:blk.35.attn_output.weight, torch.bfloat16 --> Q8_0, shape = {5120, 5120}
INFO:hf-to-gguf:blk.35.attn_q.bias,        torch.bfloat16 --> F32, shape = {5120}
INFO:hf-to-gguf:blk.35.attn_q.weight,      torch.bfloat16 --> Q8_0, shape = {5120, 5120}
INFO:hf-to-gguf:blk.35.attn_v.bias,        torch.bfloat16 --> F32, shape = {1024}
INFO:hf-to-gguf:blk.35.attn_v.weight,      torch.bfloat16 --> Q8_0, shape = {5120, 1024}
INFO:hf-to-gguf:blk.36.attn_norm.weight,   torch.bfloat16 --> F32, shape = {5120}
INFO:hf-to-gguf:blk.36.ffn_down.weight,    torch.bfloat16 --> Q8_0, shape = {13824, 5120}
INFO:hf-to-gguf:blk.36.ffn_gate.weight,    torch.bfloat16 --> Q8_0, shape = {5120, 13824}
INFO:hf-to-gguf:blk.36.ffn_up.weight,      torch.bfloat16 --> Q8_0, shape = {5120, 13824}
INFO:hf-to-gguf:blk.36.ffn_norm.weight,    torch.bfloat16 --> F32, shape = {5120}
INFO:hf-to-gguf:blk.36.attn_k.bias,        torch.bfloat16 --> F32, shape = {1024}
INFO:hf-to-gguf:blk.36.attn_k.weight,      torch.bfloat16 --> Q8_0, shape = {5120, 1024}
INFO:hf-to-gguf:blk.36.attn_output.weight, torch.bfloat16 --> Q8_0, shape = {5120, 5120}
INFO:hf-to-gguf:blk.36.attn_q.bias,        torch.bfloat16 --> F32, shape = {5120}
INFO:hf-to-gguf:blk.36.attn_q.weight,      torch.bfloat16 --> Q8_0, shape = {5120, 5120}
INFO:hf-to-gguf:blk.36.attn_v.bias,        torch.bfloat16 --> F32, shape = {1024}
INFO:hf-to-gguf:blk.36.attn_v.weight,      torch.bfloat16 --> Q8_0, shape = {5120, 1024}
INFO:hf-to-gguf:blk.37.attn_norm.weight,   torch.bfloat16 --> F32, shape = {5120}
INFO:hf-to-gguf:blk.37.ffn_down.weight,    torch.bfloat16 --> Q8_0, shape = {13824, 5120}
INFO:hf-to-gguf:blk.37.ffn_gate.weight,    torch.bfloat16 --> Q8_0, shape = {5120, 13824}
INFO:hf-to-gguf:blk.37.ffn_up.weight,      torch.bfloat16 --> Q8_0, shape = {5120, 13824}
INFO:hf-to-gguf:blk.37.ffn_norm.weight,    torch.bfloat16 --> F32, shape = {5120}
INFO:hf-to-gguf:blk.37.attn_k.bias,        torch.bfloat16 --> F32, shape = {1024}
INFO:hf-to-gguf:blk.37.attn_k.weight,      torch.bfloat16 --> Q8_0, shape = {5120, 1024}
INFO:hf-to-gguf:blk.37.attn_output.weight, torch.bfloat16 --> Q8_0, shape = {5120, 5120}
INFO:hf-to-gguf:blk.37.attn_q.bias,        torch.bfloat16 --> F32, shape = {5120}
INFO:hf-to-gguf:blk.37.attn_q.weight,      torch.bfloat16 --> Q8_0, shape = {5120, 5120}
INFO:hf-to-gguf:blk.37.attn_v.bias,        torch.bfloat16 --> F32, shape = {1024}
INFO:hf-to-gguf:blk.37.attn_v.weight,      torch.bfloat16 --> Q8_0, shape = {5120, 1024}
INFO:hf-to-gguf:blk.38.attn_norm.weight,   torch.bfloat16 --> F32, shape = {5120}
INFO:hf-to-gguf:blk.38.ffn_down.weight,    torch.bfloat16 --> Q8_0, shape = {13824, 5120}
INFO:hf-to-gguf:blk.38.ffn_gate.weight,    torch.bfloat16 --> Q8_0, shape = {5120, 13824}
INFO:hf-to-gguf:blk.38.ffn_up.weight,      torch.bfloat16 --> Q8_0, shape = {5120, 13824}
INFO:hf-to-gguf:blk.38.ffn_norm.weight,    torch.bfloat16 --> F32, shape = {5120}
INFO:hf-to-gguf:blk.38.attn_k.bias,        torch.bfloat16 --> F32, shape = {1024}
INFO:hf-to-gguf:blk.38.attn_k.weight,      torch.bfloat16 --> Q8_0, shape = {5120, 1024}
INFO:hf-to-gguf:blk.38.attn_output.weight, torch.bfloat16 --> Q8_0, shape = {5120, 5120}
INFO:hf-to-gguf:blk.38.attn_q.bias,        torch.bfloat16 --> F32, shape = {5120}
INFO:hf-to-gguf:blk.38.attn_q.weight,      torch.bfloat16 --> Q8_0, shape = {5120, 5120}
INFO:hf-to-gguf:blk.38.attn_v.bias,        torch.bfloat16 --> F32, shape = {1024}
INFO:hf-to-gguf:blk.38.attn_v.weight,      torch.bfloat16 --> Q8_0, shape = {5120, 1024}
INFO:hf-to-gguf:blk.39.attn_norm.weight,   torch.bfloat16 --> F32, shape = {5120}
INFO:hf-to-gguf:blk.39.ffn_down.weight,    torch.bfloat16 --> Q8_0, shape = {13824, 5120}
INFO:hf-to-gguf:blk.39.ffn_gate.weight,    torch.bfloat16 --> Q8_0, shape = {5120, 13824}
INFO:hf-to-gguf:blk.39.ffn_up.weight,      torch.bfloat16 --> Q8_0, shape = {5120, 13824}
INFO:hf-to-gguf:blk.39.ffn_norm.weight,    torch.bfloat16 --> F32, shape = {5120}
INFO:hf-to-gguf:blk.39.attn_k.bias,        torch.bfloat16 --> F32, shape = {1024}
INFO:hf-to-gguf:blk.39.attn_k.weight,      torch.bfloat16 --> Q8_0, shape = {5120, 1024}
INFO:hf-to-gguf:blk.39.attn_output.weight, torch.bfloat16 --> Q8_0, shape = {5120, 5120}
INFO:hf-to-gguf:blk.39.attn_q.bias,        torch.bfloat16 --> F32, shape = {5120}
INFO:hf-to-gguf:blk.39.attn_q.weight,      torch.bfloat16 --> Q8_0, shape = {5120, 5120}
INFO:hf-to-gguf:blk.39.attn_v.bias,        torch.bfloat16 --> F32, shape = {1024}
INFO:hf-to-gguf:blk.39.attn_v.weight,      torch.bfloat16 --> Q8_0, shape = {5120, 1024}
INFO:hf-to-gguf:blk.4.attn_norm.weight,    torch.bfloat16 --> F32, shape = {5120}
INFO:hf-to-gguf:blk.4.ffn_down.weight,     torch.bfloat16 --> Q8_0, shape = {13824, 5120}
INFO:hf-to-gguf:blk.4.ffn_gate.weight,     torch.bfloat16 --> Q8_0, shape = {5120, 13824}
INFO:hf-to-gguf:blk.4.ffn_up.weight,       torch.bfloat16 --> Q8_0, shape = {5120, 13824}
INFO:hf-to-gguf:blk.4.ffn_norm.weight,     torch.bfloat16 --> F32, shape = {5120}
INFO:hf-to-gguf:blk.4.attn_k.bias,         torch.bfloat16 --> F32, shape = {1024}
INFO:hf-to-gguf:blk.4.attn_k.weight,       torch.bfloat16 --> Q8_0, shape = {5120, 1024}
INFO:hf-to-gguf:blk.4.attn_output.weight,  torch.bfloat16 --> Q8_0, shape = {5120, 5120}
INFO:hf-to-gguf:blk.4.attn_q.bias,         torch.bfloat16 --> F32, shape = {5120}
INFO:hf-to-gguf:blk.4.attn_q.weight,       torch.bfloat16 --> Q8_0, shape = {5120, 5120}
INFO:hf-to-gguf:blk.4.attn_v.bias,         torch.bfloat16 --> F32, shape = {1024}
INFO:hf-to-gguf:blk.4.attn_v.weight,       torch.bfloat16 --> Q8_0, shape = {5120, 1024}
INFO:hf-to-gguf:blk.40.attn_norm.weight,   torch.bfloat16 --> F32, shape = {5120}
INFO:hf-to-gguf:blk.40.ffn_down.weight,    torch.bfloat16 --> Q8_0, shape = {13824, 5120}
INFO:hf-to-gguf:blk.40.ffn_gate.weight,    torch.bfloat16 --> Q8_0, shape = {5120, 13824}
INFO:hf-to-gguf:blk.40.ffn_up.weight,      torch.bfloat16 --> Q8_0, shape = {5120, 13824}
INFO:hf-to-gguf:blk.40.ffn_norm.weight,    torch.bfloat16 --> F32, shape = {5120}
INFO:hf-to-gguf:blk.40.attn_k.bias,        torch.bfloat16 --> F32, shape = {1024}
INFO:hf-to-gguf:blk.40.attn_k.weight,      torch.bfloat16 --> Q8_0, shape = {5120, 1024}
INFO:hf-to-gguf:blk.40.attn_output.weight, torch.bfloat16 --> Q8_0, shape = {5120, 5120}
INFO:hf-to-gguf:blk.40.attn_q.bias,        torch.bfloat16 --> F32, shape = {5120}
INFO:hf-to-gguf:blk.40.attn_q.weight,      torch.bfloat16 --> Q8_0, shape = {5120, 5120}
INFO:hf-to-gguf:blk.40.attn_v.bias,        torch.bfloat16 --> F32, shape = {1024}
INFO:hf-to-gguf:blk.40.attn_v.weight,      torch.bfloat16 --> Q8_0, shape = {5120, 1024}
INFO:hf-to-gguf:blk.41.attn_norm.weight,   torch.bfloat16 --> F32, shape = {5120}
INFO:hf-to-gguf:blk.41.ffn_down.weight,    torch.bfloat16 --> Q8_0, shape = {13824, 5120}
INFO:hf-to-gguf:blk.41.ffn_gate.weight,    torch.bfloat16 --> Q8_0, shape = {5120, 13824}
INFO:hf-to-gguf:blk.41.ffn_up.weight,      torch.bfloat16 --> Q8_0, shape = {5120, 13824}
INFO:hf-to-gguf:blk.41.ffn_norm.weight,    torch.bfloat16 --> F32, shape = {5120}
INFO:hf-to-gguf:blk.41.attn_k.bias,        torch.bfloat16 --> F32, shape = {1024}
INFO:hf-to-gguf:blk.41.attn_k.weight,      torch.bfloat16 --> Q8_0, shape = {5120, 1024}
INFO:hf-to-gguf:blk.41.attn_output.weight, torch.bfloat16 --> Q8_0, shape = {5120, 5120}
INFO:hf-to-gguf:blk.41.attn_q.bias,        torch.bfloat16 --> F32, shape = {5120}
INFO:hf-to-gguf:blk.41.attn_q.weight,      torch.bfloat16 --> Q8_0, shape = {5120, 5120}
INFO:hf-to-gguf:blk.41.attn_v.bias,        torch.bfloat16 --> F32, shape = {1024}
INFO:hf-to-gguf:blk.41.attn_v.weight,      torch.bfloat16 --> Q8_0, shape = {5120, 1024}
INFO:hf-to-gguf:blk.42.attn_norm.weight,   torch.bfloat16 --> F32, shape = {5120}
INFO:hf-to-gguf:blk.42.ffn_down.weight,    torch.bfloat16 --> Q8_0, shape = {13824, 5120}
INFO:hf-to-gguf:blk.42.ffn_gate.weight,    torch.bfloat16 --> Q8_0, shape = {5120, 13824}
INFO:hf-to-gguf:blk.42.ffn_up.weight,      torch.bfloat16 --> Q8_0, shape = {5120, 13824}
INFO:hf-to-gguf:blk.42.ffn_norm.weight,    torch.bfloat16 --> F32, shape = {5120}
INFO:hf-to-gguf:blk.42.attn_k.bias,        torch.bfloat16 --> F32, shape = {1024}
INFO:hf-to-gguf:blk.42.attn_k.weight,      torch.bfloat16 --> Q8_0, shape = {5120, 1024}
INFO:hf-to-gguf:blk.42.attn_output.weight, torch.bfloat16 --> Q8_0, shape = {5120, 5120}
INFO:hf-to-gguf:blk.42.attn_q.bias,        torch.bfloat16 --> F32, shape = {5120}
INFO:hf-to-gguf:blk.42.attn_q.weight,      torch.bfloat16 --> Q8_0, shape = {5120, 5120}
INFO:hf-to-gguf:blk.42.attn_v.bias,        torch.bfloat16 --> F32, shape = {1024}
INFO:hf-to-gguf:blk.42.attn_v.weight,      torch.bfloat16 --> Q8_0, shape = {5120, 1024}
INFO:hf-to-gguf:blk.43.attn_norm.weight,   torch.bfloat16 --> F32, shape = {5120}
INFO:hf-to-gguf:blk.43.ffn_down.weight,    torch.bfloat16 --> Q8_0, shape = {13824, 5120}
INFO:hf-to-gguf:blk.43.ffn_gate.weight,    torch.bfloat16 --> Q8_0, shape = {5120, 13824}
INFO:hf-to-gguf:blk.43.ffn_up.weight,      torch.bfloat16 --> Q8_0, shape = {5120, 13824}
INFO:hf-to-gguf:blk.43.ffn_norm.weight,    torch.bfloat16 --> F32, shape = {5120}
INFO:hf-to-gguf:blk.43.attn_k.bias,        torch.bfloat16 --> F32, shape = {1024}
INFO:hf-to-gguf:blk.43.attn_k.weight,      torch.bfloat16 --> Q8_0, shape = {5120, 1024}
INFO:hf-to-gguf:blk.43.attn_output.weight, torch.bfloat16 --> Q8_0, shape = {5120, 5120}
INFO:hf-to-gguf:blk.43.attn_q.bias,        torch.bfloat16 --> F32, shape = {5120}
INFO:hf-to-gguf:blk.43.attn_q.weight,      torch.bfloat16 --> Q8_0, shape = {5120, 5120}
INFO:hf-to-gguf:blk.43.attn_v.bias,        torch.bfloat16 --> F32, shape = {1024}
INFO:hf-to-gguf:blk.43.attn_v.weight,      torch.bfloat16 --> Q8_0, shape = {5120, 1024}
INFO:hf-to-gguf:blk.44.attn_norm.weight,   torch.bfloat16 --> F32, shape = {5120}
INFO:hf-to-gguf:blk.44.ffn_down.weight,    torch.bfloat16 --> Q8_0, shape = {13824, 5120}
INFO:hf-to-gguf:blk.44.ffn_gate.weight,    torch.bfloat16 --> Q8_0, shape = {5120, 13824}
INFO:hf-to-gguf:blk.44.ffn_up.weight,      torch.bfloat16 --> Q8_0, shape = {5120, 13824}
INFO:hf-to-gguf:blk.44.ffn_norm.weight,    torch.bfloat16 --> F32, shape = {5120}
INFO:hf-to-gguf:blk.44.attn_k.bias,        torch.bfloat16 --> F32, shape = {1024}
INFO:hf-to-gguf:blk.44.attn_k.weight,      torch.bfloat16 --> Q8_0, shape = {5120, 1024}
INFO:hf-to-gguf:blk.44.attn_output.weight, torch.bfloat16 --> Q8_0, shape = {5120, 5120}
INFO:hf-to-gguf:blk.44.attn_q.bias,        torch.bfloat16 --> F32, shape = {5120}
INFO:hf-to-gguf:blk.44.attn_q.weight,      torch.bfloat16 --> Q8_0, shape = {5120, 5120}
INFO:hf-to-gguf:blk.44.attn_v.bias,        torch.bfloat16 --> F32, shape = {1024}
INFO:hf-to-gguf:blk.44.attn_v.weight,      torch.bfloat16 --> Q8_0, shape = {5120, 1024}
INFO:hf-to-gguf:blk.45.attn_norm.weight,   torch.bfloat16 --> F32, shape = {5120}
INFO:hf-to-gguf:blk.45.ffn_down.weight,    torch.bfloat16 --> Q8_0, shape = {13824, 5120}
INFO:hf-to-gguf:blk.45.ffn_gate.weight,    torch.bfloat16 --> Q8_0, shape = {5120, 13824}
INFO:hf-to-gguf:blk.45.ffn_up.weight,      torch.bfloat16 --> Q8_0, shape = {5120, 13824}
INFO:hf-to-gguf:blk.45.ffn_norm.weight,    torch.bfloat16 --> F32, shape = {5120}
INFO:hf-to-gguf:blk.45.attn_k.bias,        torch.bfloat16 --> F32, shape = {1024}
INFO:hf-to-gguf:blk.45.attn_k.weight,      torch.bfloat16 --> Q8_0, shape = {5120, 1024}
INFO:hf-to-gguf:blk.45.attn_output.weight, torch.bfloat16 --> Q8_0, shape = {5120, 5120}
INFO:hf-to-gguf:blk.45.attn_q.bias,        torch.bfloat16 --> F32, shape = {5120}
INFO:hf-to-gguf:blk.45.attn_q.weight,      torch.bfloat16 --> Q8_0, shape = {5120, 5120}
INFO:hf-to-gguf:blk.45.attn_v.bias,        torch.bfloat16 --> F32, shape = {1024}
INFO:hf-to-gguf:blk.45.attn_v.weight,      torch.bfloat16 --> Q8_0, shape = {5120, 1024}
INFO:hf-to-gguf:blk.46.attn_norm.weight,   torch.bfloat16 --> F32, shape = {5120}
INFO:hf-to-gguf:blk.46.ffn_down.weight,    torch.bfloat16 --> Q8_0, shape = {13824, 5120}
INFO:hf-to-gguf:blk.46.ffn_gate.weight,    torch.bfloat16 --> Q8_0, shape = {5120, 13824}
INFO:hf-to-gguf:blk.46.ffn_up.weight,      torch.bfloat16 --> Q8_0, shape = {5120, 13824}
INFO:hf-to-gguf:blk.46.ffn_norm.weight,    torch.bfloat16 --> F32, shape = {5120}
INFO:hf-to-gguf:blk.46.attn_k.bias,        torch.bfloat16 --> F32, shape = {1024}
INFO:hf-to-gguf:blk.46.attn_k.weight,      torch.bfloat16 --> Q8_0, shape = {5120, 1024}
INFO:hf-to-gguf:blk.46.attn_output.weight, torch.bfloat16 --> Q8_0, shape = {5120, 5120}
INFO:hf-to-gguf:blk.46.attn_q.bias,        torch.bfloat16 --> F32, shape = {5120}
INFO:hf-to-gguf:blk.46.attn_q.weight,      torch.bfloat16 --> Q8_0, shape = {5120, 5120}
INFO:hf-to-gguf:blk.46.attn_v.bias,        torch.bfloat16 --> F32, shape = {1024}
INFO:hf-to-gguf:blk.46.attn_v.weight,      torch.bfloat16 --> Q8_0, shape = {5120, 1024}
INFO:hf-to-gguf:blk.47.attn_norm.weight,   torch.bfloat16 --> F32, shape = {5120}
INFO:hf-to-gguf:blk.47.ffn_down.weight,    torch.bfloat16 --> Q8_0, shape = {13824, 5120}
INFO:hf-to-gguf:blk.47.ffn_gate.weight,    torch.bfloat16 --> Q8_0, shape = {5120, 13824}
INFO:hf-to-gguf:blk.47.ffn_up.weight,      torch.bfloat16 --> Q8_0, shape = {5120, 13824}
INFO:hf-to-gguf:blk.47.ffn_norm.weight,    torch.bfloat16 --> F32, shape = {5120}
INFO:hf-to-gguf:blk.47.attn_k.bias,        torch.bfloat16 --> F32, shape = {1024}
INFO:hf-to-gguf:blk.47.attn_k.weight,      torch.bfloat16 --> Q8_0, shape = {5120, 1024}
INFO:hf-to-gguf:blk.47.attn_output.weight, torch.bfloat16 --> Q8_0, shape = {5120, 5120}
INFO:hf-to-gguf:blk.47.attn_q.bias,        torch.bfloat16 --> F32, shape = {5120}
INFO:hf-to-gguf:blk.47.attn_q.weight,      torch.bfloat16 --> Q8_0, shape = {5120, 5120}
INFO:hf-to-gguf:blk.47.attn_v.bias,        torch.bfloat16 --> F32, shape = {1024}
INFO:hf-to-gguf:blk.47.attn_v.weight,      torch.bfloat16 --> Q8_0, shape = {5120, 1024}
INFO:hf-to-gguf:blk.5.attn_norm.weight,    torch.bfloat16 --> F32, shape = {5120}
INFO:hf-to-gguf:blk.5.ffn_down.weight,     torch.bfloat16 --> Q8_0, shape = {13824, 5120}
INFO:hf-to-gguf:blk.5.ffn_gate.weight,     torch.bfloat16 --> Q8_0, shape = {5120, 13824}
INFO:hf-to-gguf:blk.5.ffn_up.weight,       torch.bfloat16 --> Q8_0, shape = {5120, 13824}
INFO:hf-to-gguf:blk.5.ffn_norm.weight,     torch.bfloat16 --> F32, shape = {5120}
INFO:hf-to-gguf:blk.5.attn_k.bias,         torch.bfloat16 --> F32, shape = {1024}
INFO:hf-to-gguf:blk.5.attn_k.weight,       torch.bfloat16 --> Q8_0, shape = {5120, 1024}
INFO:hf-to-gguf:blk.5.attn_output.weight,  torch.bfloat16 --> Q8_0, shape = {5120, 5120}
INFO:hf-to-gguf:blk.5.attn_q.bias,         torch.bfloat16 --> F32, shape = {5120}
INFO:hf-to-gguf:blk.5.attn_q.weight,       torch.bfloat16 --> Q8_0, shape = {5120, 5120}
INFO:hf-to-gguf:blk.5.attn_v.bias,         torch.bfloat16 --> F32, shape = {1024}
INFO:hf-to-gguf:blk.5.attn_v.weight,       torch.bfloat16 --> Q8_0, shape = {5120, 1024}
INFO:hf-to-gguf:blk.6.attn_norm.weight,    torch.bfloat16 --> F32, shape = {5120}
INFO:hf-to-gguf:blk.6.ffn_down.weight,     torch.bfloat16 --> Q8_0, shape = {13824, 5120}
INFO:hf-to-gguf:blk.6.ffn_gate.weight,     torch.bfloat16 --> Q8_0, shape = {5120, 13824}
INFO:hf-to-gguf:blk.6.ffn_up.weight,       torch.bfloat16 --> Q8_0, shape = {5120, 13824}
INFO:hf-to-gguf:blk.6.ffn_norm.weight,     torch.bfloat16 --> F32, shape = {5120}
INFO:hf-to-gguf:blk.6.attn_k.bias,         torch.bfloat16 --> F32, shape = {1024}
INFO:hf-to-gguf:blk.6.attn_k.weight,       torch.bfloat16 --> Q8_0, shape = {5120, 1024}
INFO:hf-to-gguf:blk.6.attn_output.weight,  torch.bfloat16 --> Q8_0, shape = {5120, 5120}
INFO:hf-to-gguf:blk.6.attn_q.bias,         torch.bfloat16 --> F32, shape = {5120}
INFO:hf-to-gguf:blk.6.attn_q.weight,       torch.bfloat16 --> Q8_0, shape = {5120, 5120}
INFO:hf-to-gguf:blk.6.attn_v.bias,         torch.bfloat16 --> F32, shape = {1024}
INFO:hf-to-gguf:blk.6.attn_v.weight,       torch.bfloat16 --> Q8_0, shape = {5120, 1024}
INFO:hf-to-gguf:blk.7.attn_norm.weight,    torch.bfloat16 --> F32, shape = {5120}
INFO:hf-to-gguf:blk.7.ffn_down.weight,     torch.bfloat16 --> Q8_0, shape = {13824, 5120}
INFO:hf-to-gguf:blk.7.ffn_gate.weight,     torch.bfloat16 --> Q8_0, shape = {5120, 13824}
INFO:hf-to-gguf:blk.7.ffn_up.weight,       torch.bfloat16 --> Q8_0, shape = {5120, 13824}
INFO:hf-to-gguf:blk.7.ffn_norm.weight,     torch.bfloat16 --> F32, shape = {5120}
INFO:hf-to-gguf:blk.7.attn_k.bias,         torch.bfloat16 --> F32, shape = {1024}
INFO:hf-to-gguf:blk.7.attn_k.weight,       torch.bfloat16 --> Q8_0, shape = {5120, 1024}
INFO:hf-to-gguf:blk.7.attn_output.weight,  torch.bfloat16 --> Q8_0, shape = {5120, 5120}
INFO:hf-to-gguf:blk.7.attn_q.bias,         torch.bfloat16 --> F32, shape = {5120}
INFO:hf-to-gguf:blk.7.attn_q.weight,       torch.bfloat16 --> Q8_0, shape = {5120, 5120}
INFO:hf-to-gguf:blk.7.attn_v.bias,         torch.bfloat16 --> F32, shape = {1024}
INFO:hf-to-gguf:blk.7.attn_v.weight,       torch.bfloat16 --> Q8_0, shape = {5120, 1024}
INFO:hf-to-gguf:blk.8.attn_norm.weight,    torch.bfloat16 --> F32, shape = {5120}
INFO:hf-to-gguf:blk.8.ffn_down.weight,     torch.bfloat16 --> Q8_0, shape = {13824, 5120}
INFO:hf-to-gguf:blk.8.ffn_gate.weight,     torch.bfloat16 --> Q8_0, shape = {5120, 13824}
INFO:hf-to-gguf:blk.8.ffn_up.weight,       torch.bfloat16 --> Q8_0, shape = {5120, 13824}
INFO:hf-to-gguf:blk.8.ffn_norm.weight,     torch.bfloat16 --> F32, shape = {5120}
INFO:hf-to-gguf:blk.8.attn_k.bias,         torch.bfloat16 --> F32, shape = {1024}
INFO:hf-to-gguf:blk.8.attn_k.weight,       torch.bfloat16 --> Q8_0, shape = {5120, 1024}
INFO:hf-to-gguf:blk.8.attn_output.weight,  torch.bfloat16 --> Q8_0, shape = {5120, 5120}
INFO:hf-to-gguf:blk.8.attn_q.bias,         torch.bfloat16 --> F32, shape = {5120}
INFO:hf-to-gguf:blk.8.attn_q.weight,       torch.bfloat16 --> Q8_0, shape = {5120, 5120}
INFO:hf-to-gguf:blk.8.attn_v.bias,         torch.bfloat16 --> F32, shape = {1024}
INFO:hf-to-gguf:blk.8.attn_v.weight,       torch.bfloat16 --> Q8_0, shape = {5120, 1024}
INFO:hf-to-gguf:blk.9.attn_norm.weight,    torch.bfloat16 --> F32, shape = {5120}
INFO:hf-to-gguf:blk.9.ffn_down.weight,     torch.bfloat16 --> Q8_0, shape = {13824, 5120}
INFO:hf-to-gguf:blk.9.ffn_gate.weight,     torch.bfloat16 --> Q8_0, shape = {5120, 13824}
INFO:hf-to-gguf:blk.9.ffn_up.weight,       torch.bfloat16 --> Q8_0, shape = {5120, 13824}
INFO:hf-to-gguf:blk.9.ffn_norm.weight,     torch.bfloat16 --> F32, shape = {5120}
INFO:hf-to-gguf:blk.9.attn_k.bias,         torch.bfloat16 --> F32, shape = {1024}
INFO:hf-to-gguf:blk.9.attn_k.weight,       torch.bfloat16 --> Q8_0, shape = {5120, 1024}
INFO:hf-to-gguf:blk.9.attn_output.weight,  torch.bfloat16 --> Q8_0, shape = {5120, 5120}
INFO:hf-to-gguf:blk.9.attn_q.bias,         torch.bfloat16 --> F32, shape = {5120}
INFO:hf-to-gguf:blk.9.attn_q.weight,       torch.bfloat16 --> Q8_0, shape = {5120, 5120}
INFO:hf-to-gguf:blk.9.attn_v.bias,         torch.bfloat16 --> F32, shape = {1024}
INFO:hf-to-gguf:blk.9.attn_v.weight,       torch.bfloat16 --> Q8_0, shape = {5120, 1024}
INFO:hf-to-gguf:output_norm.weight,        torch.bfloat16 --> F32, shape = {5120}
INFO:hf-to-gguf:Set meta model
INFO:hf-to-gguf:Set model parameters
INFO:hf-to-gguf:gguf: context length = 32768
INFO:hf-to-gguf:gguf: embedding length = 5120
INFO:hf-to-gguf:gguf: feed forward length = 13824
INFO:hf-to-gguf:gguf: head count = 40
INFO:hf-to-gguf:gguf: key-value head count = 8
WARNING:hf-to-gguf:Unknown RoPE type: default
INFO:hf-to-gguf:gguf: rope scaling type = NONE
INFO:hf-to-gguf:gguf: rope theta = 1000000.0
INFO:hf-to-gguf:gguf: rms norm epsilon = 1e-06
INFO:hf-to-gguf:gguf: file type = 7
INFO:hf-to-gguf:Set model quantization version
INFO:hf-to-gguf:Set model tokenizer
INFO:gguf.vocab:Adding 151387 merge(s).
INFO:gguf.vocab:Setting special token type eos to 151645
INFO:gguf.vocab:Setting special token type pad to 151643
INFO:gguf.vocab:Setting special token type bos to 151643
INFO:gguf.vocab:Setting chat_template to {%- if tools %}
    {{- '<|im_start|>system\n' }}
    {%- if messages[0]['role'] == 'system' %}
        {{- messages[0]['content'] }}
    {%- else %}
        {{- 'You are Qwen, created by Alibaba Cloud. You are a helpful assistant.' }}
    {%- endif %}
    {{- "\n\n# Tools\n\nYou may call one or more functions to assist with the user query.\n\nYou are provided with function signatures within <tools></tools> XML tags:\n<tools>" }}
    {%- for tool in tools %}
        {{- "\n" }}
        {{- tool | tojson }}
    {%- endfor %}
    {{- "\n</tools>\n\nFor each function call, return a json object with function name and arguments within <tool_call></tool_call> XML tags:\n<tool_call>\n{\"name\": <function-name>, \"arguments\": <args-json-object>}\n</tool_call><|im_end|>\n" }}
{%- else %}
    {%- if messages[0]['role'] == 'system' %}
        {{- '<|im_start|>system\n' + messages[0]['content'] + '<|im_end|>\n' }}
    {%- else %}
        {{- '<|im_start|>system\nYou are Qwen, created by Alibaba Cloud. You are a helpful assistant.<|im_end|>\n' }}
    {%- endif %}
{%- endif %}
{%- for message in messages %}
    {%- if (message.role == "user") or (message.role == "system" and not loop.first) or (message.role == "assistant" and not message.tool_calls) %}
        {{- '<|im_start|>' + message.role + '\n' + message.content + '<|im_end|>' + '\n' }}
    {%- elif message.role == "assistant" %}
        {{- '<|im_start|>' + message.role }}
        {%- if message.content %}
            {{- '\n' + message.content }}
        {%- endif %}
        {%- for tool_call in message.tool_calls %}
            {%- if tool_call.function is defined %}
                {%- set tool_call = tool_call.function %}
            {%- endif %}
            {{- '\n<tool_call>\n{"name": "' }}
            {{- tool_call.name }}
            {{- '", "arguments": ' }}
            {{- tool_call.arguments | tojson }}
            {{- '}\n</tool_call>' }}
        {%- endfor %}
        {{- '<|im_end|>\n' }}
    {%- elif message.role == "tool" %}
        {%- if (loop.index0 == 0) or (messages[loop.index0 - 1].role != "tool") %}
            {{- '<|im_start|>user' }}
        {%- endif %}
        {{- '\n<tool_response>\n' }}
        {{- message.content }}
        {{- '\n</tool_response>' }}
        {%- if loop.last or (messages[loop.index0 + 1].role != "tool") %}
            {{- '<|im_end|>\n' }}
        {%- endif %}
    {%- endif %}
{%- endfor %}
{%- if add_generation_prompt %}
    {{- '<|im_start|>assistant\n' }}
{%- endif %}

INFO:gguf.gguf_writer:Writing the following files:
INFO:gguf.gguf_writer:/home/ubuntu/rl-urn-final-q8_0.gguf: n_tensors = 579, total_size = 15.7G
Writing:   0%|          | 0.00/15.7G [00:00<?, ?byte/s]Writing:   5%|▌         | 827M/15.7G [00:05<01:46, 139Mbyte/s]Writing:  11%|█         | 1.65G/15.7G [00:12<01:44, 135Mbyte/s]Writing:  11%|█         | 1.73G/15.7G [00:13<01:46, 131Mbyte/s]Writing:  11%|█▏        | 1.80G/15.7G [00:13<01:45, 132Mbyte/s]Writing:  12%|█▏        | 1.88G/15.7G [00:14<01:43, 133Mbyte/s]Writing:  12%|█▏        | 1.91G/15.7G [00:14<01:43, 133Mbyte/s]Writing:  12%|█▏        | 1.94G/15.7G [00:14<01:42, 134Mbyte/s]Writing:  13%|█▎        | 2.02G/15.7G [00:15<01:40, 137Mbyte/s]Writing:  13%|█▎        | 2.10G/15.7G [00:15<01:41, 134Mbyte/s]Writing:  14%|█▍        | 2.17G/15.7G [00:16<01:45, 128Mbyte/s]Writing:  14%|█▍        | 2.21G/15.7G [00:16<01:45, 127Mbyte/s]Writing:  14%|█▍        | 2.23G/15.7G [00:16<01:45, 128Mbyte/s]Writing:  15%|█▍        | 2.31G/15.7G [00:17<01:38, 136Mbyte/s]Writing:  15%|█▌        | 2.39G/15.7G [00:17<01:36, 138Mbyte/s]Writing:  16%|█▌        | 2.47G/15.7G [00:18<01:34, 140Mbyte/s]Writing:  16%|█▌        | 2.50G/15.7G [00:18<01:35, 138Mbyte/s]Writing:  16%|█▌        | 2.53G/15.7G [00:18<01:34, 139Mbyte/s]Writing:  17%|█▋        | 2.61G/15.7G [00:19<01:29, 146Mbyte/s]Writing:  17%|█▋        | 2.68G/15.7G [00:19<01:29, 145Mbyte/s]Writing:  18%|█▊        | 2.76G/15.7G [00:20<01:29, 145Mbyte/s]Writing:  18%|█▊        | 2.79G/15.7G [00:20<01:30, 142Mbyte/s]Writing:  18%|█▊        | 2.82G/15.7G [00:20<01:30, 143Mbyte/s]Writing:  18%|█▊        | 2.90G/15.7G [00:21<01:26, 148Mbyte/s]Writing:  19%|█▉        | 2.97G/15.7G [00:21<01:27, 145Mbyte/s]Writing:  19%|█▉        | 3.05G/15.7G [00:22<01:27, 144Mbyte/s]Writing:  20%|█▉        | 3.08G/15.7G [00:22<01:28, 142Mbyte/s]Writing:  20%|█▉        | 3.11G/15.7G [00:22<01:28, 142Mbyte/s]Writing:  20%|██        | 3.19G/15.7G [00:23<01:24, 148Mbyte/s]Writing:  21%|██        | 3.27G/15.7G [00:23<01:24, 147Mbyte/s]Writing:  21%|██▏       | 3.34G/15.7G [00:24<01:24, 146Mbyte/s]Writing:  22%|██▏       | 3.38G/15.7G [00:24<01:25, 144Mbyte/s]Writing:  22%|██▏       | 3.40G/15.7G [00:24<01:25, 144Mbyte/s]Writing:  22%|██▏       | 3.48G/15.7G [00:25<01:21, 149Mbyte/s]Writing:  23%|██▎       | 3.56G/15.7G [00:25<01:22, 147Mbyte/s]Writing:  23%|██▎       | 3.64G/15.7G [00:26<01:22, 147Mbyte/s]Writing:  23%|██▎       | 3.67G/15.7G [00:26<01:23, 144Mbyte/s]Writing:  24%|██▎       | 3.70G/15.7G [00:26<01:23, 144Mbyte/s]Writing:  24%|██▍       | 3.78G/15.7G [00:27<01:19, 149Mbyte/s]Writing:  25%|██▍       | 3.85G/15.7G [00:27<01:20, 148Mbyte/s]Writing:  25%|██▌       | 3.93G/15.7G [00:28<01:20, 147Mbyte/s]Writing:  25%|██▌       | 3.96G/15.7G [00:28<01:21, 145Mbyte/s]Writing:  25%|██▌       | 3.99G/15.7G [00:28<01:20, 145Mbyte/s]Writing:  26%|██▌       | 4.07G/15.7G [00:29<01:17, 150Mbyte/s]Writing:  26%|██▋       | 4.15G/15.7G [00:29<01:18, 148Mbyte/s]Writing:  27%|██▋       | 4.22G/15.7G [00:30<01:18, 147Mbyte/s]Writing:  27%|██▋       | 4.25G/15.7G [00:30<01:19, 145Mbyte/s]Writing:  27%|██▋       | 4.28G/15.7G [00:30<01:18, 145Mbyte/s]Writing:  28%|██▊       | 4.36G/15.7G [00:31<01:15, 149Mbyte/s]Writing:  28%|██▊       | 4.44G/15.7G [00:31<01:16, 147Mbyte/s]Writing:  29%|██▉       | 4.51G/15.7G [00:32<01:16, 146Mbyte/s]Writing:  29%|██▉       | 4.55G/15.7G [00:32<01:17, 143Mbyte/s]Writing:  29%|██▉       | 4.57G/15.7G [00:32<01:18, 141Mbyte/s]Writing:  30%|██▉       | 4.65G/15.7G [00:33<01:17, 142Mbyte/s]Writing:  30%|███       | 4.73G/15.7G [00:34<01:20, 136Mbyte/s]Writing:  31%|███       | 4.81G/15.7G [00:34<01:19, 138Mbyte/s]Writing:  31%|███       | 4.84G/15.7G [00:34<01:19, 136Mbyte/s]Writing:  31%|███       | 4.87G/15.7G [00:35<01:18, 138Mbyte/s]Writing:  32%|███▏      | 4.95G/15.7G [00:35<01:14, 144Mbyte/s]Writing:  32%|███▏      | 5.02G/15.7G [00:36<01:14, 143Mbyte/s]Writing:  32%|███▏      | 5.10G/15.7G [00:36<01:13, 143Mbyte/s]Writing:  33%|███▎      | 5.13G/15.7G [00:36<01:14, 142Mbyte/s]Writing:  33%|███▎      | 5.16G/15.7G [00:37<01:14, 142Mbyte/s]Writing:  33%|███▎      | 5.24G/15.7G [00:37<01:11, 146Mbyte/s]Writing:  34%|███▍      | 5.32G/15.7G [00:38<01:16, 136Mbyte/s]Writing:  34%|███▍      | 5.39G/15.7G [00:38<01:19, 129Mbyte/s]Writing:  35%|███▍      | 5.42G/15.7G [00:39<01:19, 130Mbyte/s]Writing:  35%|███▍      | 5.45G/15.7G [00:39<01:17, 132Mbyte/s]Writing:  35%|███▌      | 5.53G/15.7G [00:39<01:12, 141Mbyte/s]Writing:  36%|███▌      | 5.61G/15.7G [00:40<01:11, 142Mbyte/s]Writing:  36%|███▌      | 5.68G/15.7G [00:40<01:10, 143Mbyte/s]Writing:  36%|███▋      | 5.72G/15.7G [00:41<01:10, 142Mbyte/s]Writing:  37%|███▋      | 5.74G/15.7G [00:41<01:09, 143Mbyte/s]Writing:  37%|███▋      | 5.83G/15.7G [00:41<01:06, 149Mbyte/s]Writing:  38%|███▊      | 5.90G/15.7G [00:42<01:06, 147Mbyte/s]Writing:  38%|███▊      | 5.98G/15.7G [00:42<01:06, 147Mbyte/s]Writing:  38%|███▊      | 6.01G/15.7G [00:43<01:06, 145Mbyte/s]Writing:  38%|███▊      | 6.04G/15.7G [00:43<01:06, 145Mbyte/s]Writing:  39%|███▉      | 6.12G/15.7G [00:43<01:03, 150Mbyte/s]Writing:  39%|███▉      | 6.19G/15.7G [00:44<01:04, 148Mbyte/s]Writing:  40%|███▉      | 6.27G/15.7G [00:44<01:03, 147Mbyte/s]Writing:  40%|████      | 6.30G/15.7G [00:45<01:04, 145Mbyte/s]Writing:  40%|████      | 6.33G/15.7G [00:45<01:04, 146Mbyte/s]Writing:  41%|████      | 6.41G/15.7G [00:45<01:01, 151Mbyte/s]Writing:  41%|████▏     | 6.49G/15.7G [00:46<01:02, 149Mbyte/s]Writing:  42%|████▏     | 6.56G/15.7G [00:46<01:01, 148Mbyte/s]Writing:  42%|████▏     | 6.59G/15.7G [00:47<01:02, 146Mbyte/s]Writing:  42%|████▏     | 6.62G/15.7G [00:47<01:02, 146Mbyte/s]Writing:  43%|████▎     | 6.70G/15.7G [00:47<00:59, 151Mbyte/s]Writing:  43%|████▎     | 6.78G/15.7G [00:48<00:59, 149Mbyte/s]Writing:  44%|████▎     | 6.85G/15.7G [00:48<00:59, 148Mbyte/s]Writing:  44%|████▍     | 6.89G/15.7G [00:49<01:00, 146Mbyte/s]Writing:  44%|████▍     | 6.91G/15.7G [00:49<01:00, 146Mbyte/s]Writing:  45%|████▍     | 7.00G/15.7G [00:49<00:57, 151Mbyte/s]Writing:  45%|████▌     | 7.07G/15.7G [00:50<00:57, 149Mbyte/s]Writing:  46%|████▌     | 7.15G/15.7G [00:50<00:57, 148Mbyte/s]Writing:  46%|████▌     | 7.18G/15.7G [00:51<00:58, 146Mbyte/s]Writing:  46%|████▌     | 7.21G/15.7G [00:51<00:58, 146Mbyte/s]Writing:  46%|████▋     | 7.29G/15.7G [00:51<00:55, 151Mbyte/s]Writing:  47%|████▋     | 7.36G/15.7G [00:52<00:55, 149Mbyte/s]Writing:  47%|████▋     | 7.44G/15.7G [00:52<00:55, 148Mbyte/s]Writing:  48%|████▊     | 7.47G/15.7G [00:52<00:56, 146Mbyte/s]Writing:  48%|████▊     | 7.50G/15.7G [00:53<00:56, 146Mbyte/s]Writing:  48%|████▊     | 7.58G/15.7G [00:53<00:53, 151Mbyte/s]Writing:  49%|████▉     | 7.66G/15.7G [00:54<00:53, 149Mbyte/s]Writing:  49%|████▉     | 7.73G/15.7G [00:54<00:53, 148Mbyte/s]Writing:  49%|████▉     | 7.76G/15.7G [00:54<00:54, 146Mbyte/s]Writing:  50%|████▉     | 7.79G/15.7G [00:55<00:54, 146Mbyte/s]Writing:  50%|█████     | 7.87G/15.7G [00:55<00:51, 151Mbyte/s]Writing:  51%|█████     | 7.95G/15.7G [00:56<00:52, 149Mbyte/s]Writing:  51%|█████     | 8.02G/15.7G [00:56<00:52, 148Mbyte/s]Writing:  51%|█████▏    | 8.06G/15.7G [00:56<00:52, 146Mbyte/s]Writing:  52%|█████▏    | 8.08G/15.7G [00:57<00:52, 146Mbyte/s]Writing:  52%|█████▏    | 8.17G/15.7G [00:57<00:49, 151Mbyte/s]Writing:  53%|█████▎    | 8.24G/15.7G [00:58<00:50, 149Mbyte/s]Writing:  53%|█████▎    | 8.32G/15.7G [00:58<00:49, 148Mbyte/s]Writing:  53%|█████▎    | 8.35G/15.7G [00:58<00:50, 146Mbyte/s]Writing:  53%|█████▎    | 8.38G/15.7G [00:59<00:50, 146Mbyte/s]Writing:  54%|█████▍    | 8.46G/15.7G [00:59<00:48, 151Mbyte/s]Writing:  54%|█████▍    | 8.53G/15.7G [01:00<00:50, 142Mbyte/s]Writing:  55%|█████▍    | 8.61G/15.7G [01:00<00:52, 135Mbyte/s]Writing:  55%|█████▌    | 8.64G/15.7G [01:01<00:52, 135Mbyte/s]Writing:  55%|█████▌    | 8.67G/15.7G [01:01<00:51, 137Mbyte/s]Writing:  56%|█████▌    | 8.75G/15.7G [01:01<00:47, 145Mbyte/s]Writing:  56%|█████▌    | 8.83G/15.7G [01:02<00:47, 145Mbyte/s]Writing:  57%|█████▋    | 8.90G/15.7G [01:02<00:46, 146Mbyte/s]Writing:  57%|█████▋    | 8.93G/15.7G [01:03<00:46, 144Mbyte/s]Writing:  57%|█████▋    | 8.96G/15.7G [01:03<00:46, 144Mbyte/s]Writing:  58%|█████▊    | 9.04G/15.7G [01:03<00:44, 150Mbyte/s]Writing:  58%|█████▊    | 9.12G/15.7G [01:04<00:44, 148Mbyte/s]Writing:  59%|█████▊    | 9.19G/15.7G [01:04<00:44, 147Mbyte/s]Writing:  59%|█████▉    | 9.23G/15.7G [01:05<00:44, 144Mbyte/s]Writing:  59%|█████▉    | 9.25G/15.7G [01:05<00:45, 143Mbyte/s]Writing:  59%|█████▉    | 9.34G/15.7G [01:05<00:44, 142Mbyte/s]Writing:  60%|█████▉    | 9.41G/15.7G [01:06<00:44, 141Mbyte/s]Writing:  60%|██████    | 9.49G/15.7G [01:06<00:44, 141Mbyte/s]Writing:  61%|██████    | 9.52G/15.7G [01:07<00:44, 139Mbyte/s]Writing:  61%|██████    | 9.55G/15.7G [01:07<00:44, 139Mbyte/s]Writing:  61%|██████▏   | 9.63G/15.7G [01:07<00:42, 144Mbyte/s]Writing:  62%|██████▏   | 9.70G/15.7G [01:08<00:42, 142Mbyte/s]Writing:  62%|██████▏   | 9.78G/15.7G [01:08<00:41, 141Mbyte/s]Writing:  63%|██████▎   | 9.81G/15.7G [01:09<00:42, 139Mbyte/s]Writing:  63%|██████▎   | 9.84G/15.7G [01:09<00:42, 139Mbyte/s]Writing:  63%|██████▎   | 9.92G/15.7G [01:09<00:40, 143Mbyte/s]Writing:  64%|██████▎   | 10.0G/15.7G [01:10<00:40, 142Mbyte/s]Writing:  64%|██████▍   | 10.1G/15.7G [01:11<00:39, 141Mbyte/s]Writing:  64%|██████▍   | 10.1G/15.7G [01:11<00:40, 139Mbyte/s]Writing:  65%|██████▍   | 10.1G/15.7G [01:11<00:39, 139Mbyte/s]Writing:  65%|██████▌   | 10.2G/15.7G [01:11<00:37, 145Mbyte/s]Writing:  66%|██████▌   | 10.3G/15.7G [01:12<00:37, 145Mbyte/s]Writing:  66%|██████▌   | 10.4G/15.7G [01:13<00:36, 146Mbyte/s]Writing:  66%|██████▌   | 10.4G/15.7G [01:13<00:36, 144Mbyte/s]Writing:  66%|██████▋   | 10.4G/15.7G [01:13<00:36, 144Mbyte/s]Writing:  67%|██████▋   | 10.5G/15.7G [01:13<00:34, 150Mbyte/s]Writing:  67%|██████▋   | 10.6G/15.7G [01:14<00:34, 148Mbyte/s]Writing:  68%|██████▊   | 10.7G/15.7G [01:15<00:34, 147Mbyte/s]Writing:  68%|██████▊   | 10.7G/15.7G [01:15<00:34, 146Mbyte/s]Writing:  68%|██████▊   | 10.7G/15.7G [01:15<00:34, 146Mbyte/s]Writing:  69%|██████▉   | 10.8G/15.7G [01:15<00:32, 151Mbyte/s]Writing:  69%|██████▉   | 10.9G/15.7G [01:16<00:32, 149Mbyte/s]Writing:  70%|██████▉   | 10.9G/15.7G [01:16<00:32, 148Mbyte/s]Writing:  70%|██████▉   | 11.0G/15.7G [01:17<00:32, 146Mbyte/s]Writing:  70%|███████   | 11.0G/15.7G [01:17<00:32, 146Mbyte/s]Writing:  71%|███████   | 11.1G/15.7G [01:17<00:30, 151Mbyte/s]Writing:  71%|███████   | 11.2G/15.7G [01:18<00:30, 149Mbyte/s]Writing:  72%|███████▏  | 11.2G/15.7G [01:18<00:30, 148Mbyte/s]Writing:  72%|███████▏  | 11.3G/15.7G [01:19<00:30, 146Mbyte/s]Writing:  72%|███████▏  | 11.3G/15.7G [01:19<00:30, 146Mbyte/s]Writing:  73%|███████▎  | 11.4G/15.7G [01:19<00:28, 151Mbyte/s]Writing:  73%|███████▎  | 11.5G/15.7G [01:20<00:28, 149Mbyte/s]Writing:  73%|███████▎  | 11.5G/15.7G [01:20<00:28, 148Mbyte/s]Writing:  74%|███████▎  | 11.6G/15.7G [01:21<00:28, 146Mbyte/s]Writing:  74%|███████▍  | 11.6G/15.7G [01:21<00:28, 146Mbyte/s]Writing:  74%|███████▍  | 11.7G/15.7G [01:21<00:26, 151Mbyte/s]Writing:  75%|███████▍  | 11.8G/15.7G [01:22<00:27, 145Mbyte/s]Writing:  75%|███████▌  | 11.8G/15.7G [01:23<00:27, 140Mbyte/s]Writing:  76%|███████▌  | 11.9G/15.7G [01:23<00:27, 140Mbyte/s]Writing:  76%|███████▌  | 11.9G/15.7G [01:23<00:27, 141Mbyte/s]Writing:  76%|███████▋  | 12.0G/15.7G [01:23<00:25, 148Mbyte/s]Writing:  77%|███████▋  | 12.0G/15.7G [01:24<00:24, 146Mbyte/s]Writing:  77%|███████▋  | 12.1G/15.7G [01:24<00:24, 146Mbyte/s]Writing:  77%|███████▋  | 12.2G/15.7G [01:25<00:24, 144Mbyte/s]Writing:  78%|███████▊  | 12.2G/15.7G [01:25<00:24, 145Mbyte/s]Writing:  78%|███████▊  | 12.3G/15.7G [01:25<00:22, 150Mbyte/s]Writing:  79%|███████▊  | 12.3G/15.7G [01:26<00:22, 148Mbyte/s]Writing:  79%|███████▉  | 12.4G/15.7G [01:26<00:22, 147Mbyte/s]Writing:  79%|███████▉  | 12.4G/15.7G [01:27<00:22, 145Mbyte/s]Writing:  79%|███████▉  | 12.5G/15.7G [01:27<00:22, 145Mbyte/s]Writing:  80%|███████▉  | 12.6G/15.7G [01:27<00:21, 149Mbyte/s]Writing:  80%|████████  | 12.6G/15.7G [01:28<00:20, 147Mbyte/s]Writing:  81%|████████  | 12.7G/15.7G [01:28<00:20, 146Mbyte/s]Writing:  81%|████████  | 12.7G/15.7G [01:29<00:20, 144Mbyte/s]Writing:  81%|████████▏ | 12.8G/15.7G [01:29<00:20, 144Mbyte/s]Writing:  82%|████████▏ | 12.8G/15.7G [01:29<00:19, 149Mbyte/s]Writing:  82%|████████▏ | 12.9G/15.7G [01:30<00:19, 146Mbyte/s]Writing:  83%|████████▎ | 13.0G/15.7G [01:30<00:18, 145Mbyte/s]Writing:  83%|████████▎ | 13.0G/15.7G [01:31<00:18, 143Mbyte/s]Writing:  83%|████████▎ | 13.1G/15.7G [01:31<00:18, 143Mbyte/s]Writing:  84%|████████▎ | 13.1G/15.7G [01:31<00:17, 149Mbyte/s]Writing:  84%|████████▍ | 13.2G/15.7G [01:32<00:16, 148Mbyte/s]Writing:  85%|████████▍ | 13.3G/15.7G [01:32<00:16, 147Mbyte/s]Writing:  85%|████████▍ | 13.3G/15.7G [01:33<00:16, 145Mbyte/s]Writing:  85%|████████▌ | 13.3G/15.7G [01:33<00:16, 145Mbyte/s]Writing:  86%|████████▌ | 13.4G/15.7G [01:33<00:15, 150Mbyte/s]Writing:  86%|████████▌ | 13.5G/15.7G [01:34<00:14, 149Mbyte/s]Writing:  87%|████████▋ | 13.6G/15.7G [01:34<00:14, 147Mbyte/s]Writing:  87%|████████▋ | 13.6G/15.7G [01:35<00:14, 144Mbyte/s]Writing:  87%|████████▋ | 13.6G/15.7G [01:35<00:14, 143Mbyte/s]Writing:  87%|████████▋ | 13.7G/15.7G [01:35<00:13, 148Mbyte/s]Writing:  88%|████████▊ | 13.8G/15.7G [01:36<00:12, 146Mbyte/s]Writing:  88%|████████▊ | 13.9G/15.7G [01:36<00:12, 145Mbyte/s]Writing:  89%|████████▊ | 13.9G/15.7G [01:37<00:12, 142Mbyte/s]Writing:  89%|████████▉ | 13.9G/15.7G [01:37<00:12, 141Mbyte/s]Writing:  89%|████████▉ | 14.0G/15.7G [01:38<00:12, 139Mbyte/s]Writing:  90%|████████▉ | 14.1G/15.7G [01:38<00:11, 137Mbyte/s]Writing:  90%|█████████ | 14.2G/15.7G [01:39<00:11, 138Mbyte/s]Writing:  90%|█████████ | 14.2G/15.7G [01:39<00:10, 136Mbyte/s]Writing:  91%|█████████ | 14.2G/15.7G [01:39<00:10, 137Mbyte/s]Writing:  91%|█████████ | 14.3G/15.7G [01:40<00:09, 143Mbyte/s]Writing:  92%|█████████▏| 14.4G/15.7G [01:40<00:09, 140Mbyte/s]Writing:  92%|█████████▏| 14.5G/15.7G [01:41<00:08, 138Mbyte/s]Writing:  92%|█████████▏| 14.5G/15.7G [01:41<00:08, 137Mbyte/s]Writing:  93%|█████████▎| 14.5G/15.7G [01:41<00:08, 139Mbyte/s]Writing:  93%|█████████▎| 14.6G/15.7G [01:42<00:07, 145Mbyte/s]Writing:  94%|█████████▎| 14.7G/15.7G [01:42<00:07, 143Mbyte/s]Writing:  94%|█████████▍| 14.8G/15.7G [01:43<00:06, 141Mbyte/s]Writing:  94%|█████████▍| 14.8G/15.7G [01:43<00:06, 139Mbyte/s]Writing:  94%|█████████▍| 14.8G/15.7G [01:43<00:06, 140Mbyte/s]Writing:  95%|█████████▍| 14.9G/15.7G [01:44<00:05, 146Mbyte/s]Writing:  95%|█████████▌| 15.0G/15.7G [01:44<00:05, 145Mbyte/s]Writing:  96%|█████████▌| 15.0G/15.7G [01:45<00:04, 144Mbyte/s]Writing:  96%|█████████▌| 15.1G/15.7G [01:45<00:04, 141Mbyte/s]Writing:  96%|█████████▌| 15.1G/15.7G [01:45<00:04, 141Mbyte/s]Writing:  97%|█████████▋| 15.2G/15.7G [01:46<00:03, 145Mbyte/s]Writing:  97%|█████████▋| 15.3G/15.7G [01:46<00:02, 145Mbyte/s]Writing:  98%|█████████▊| 15.3G/15.7G [01:47<00:02, 145Mbyte/s]Writing:  98%|█████████▊| 15.4G/15.7G [01:47<00:02, 144Mbyte/s]Writing:  98%|█████████▊| 15.4G/15.7G [01:47<00:02, 144Mbyte/s]Writing:  99%|█████████▊| 15.5G/15.7G [01:48<00:01, 150Mbyte/s]Writing:  99%|█████████▉| 15.6G/15.7G [01:48<00:00, 148Mbyte/s]Writing: 100%|█████████▉| 15.6G/15.7G [01:49<00:00, 147Mbyte/s]Writing: 100%|█████████▉| 15.7G/15.7G [01:49<00:00, 145Mbyte/s]Writing: 100%|█████████▉| 15.7G/15.7G [01:49<00:00, 145Mbyte/s]Writing: 100%|██████████| 15.7G/15.7G [01:49<00:00, 143Mbyte/s]
INFO:hf-to-gguf:Model successfully exported to /home/ubuntu/rl-urn-final-q8_0.gguf
[?2026h[?25l[1Ggathering model components ⠋ [K[?25h[?2026l[?2026h[?25l[1Ggathering model components ⠙ [K[?25h[?2026l[?2026h[?25l[1Ggathering model components ⠹ [K[?25h[?2026l[?2026h[?25l[1Ggathering model components ⠸ [K[?25h[?2026l[?2026h[?25l[1Ggathering model components ⠼ [K[?25h[?2026l[?2026h[?25l[1Ggathering model components ⠴ [K[?25h[?2026l[?2026h[?25l[1Ggathering model components ⠦ [K[?25h[?2026l[?2026h[?25l[1Ggathering model components ⠧ [K[?25h[?2026l[?2026h[?25l[1Ggathering model components ⠇ [K[?25h[?2026l[?2026h[?25l[1Ggathering model components ⠏ [K[?25h[?2026l[?2026h[?25l[1Ggathering model components ⠋ [K[?25h[?2026l[?2026h[?25l[1Ggathering model components ⠙ [K[?25h[?2026l[?2026h[?25l[1Ggathering model components ⠹ [K[?25h[?2026l[?2026h[?25l[1Ggathering model components ⠸ [K[?25h[?2026l[?2026h[?25l[1Ggathering model components ⠼ [K[?25h[?2026l[?2026h[?25l[1Ggathering model components ⠴ [K[?25h[?2026l[?2026h[?25l[1Ggathering model components ⠦ [K[?25h[?2026l[?2026h[?25l[1Ggathering model components ⠧ [K[?25h[?2026l[?2026h[?25l[1Ggathering model components ⠇ [K[?25h[?2026l[?2026h[?25l[1Ggathering model components ⠏ [K[?25h[?2026l[?2026h[?25l[1Ggathering model components ⠋ [K[?25h[?2026l[?2026h[?25l[1Ggathering model components ⠙ [K[?25h[?2026l[?2026h[?25l[1Ggathering model components ⠹ [K[?25h[?2026l[?2026h[?25l[1Ggathering model components ⠸ [K[?25h[?2026l[?2026h[?25l[1Ggathering model components ⠼ [K[?25h[?2026l[?2026h[?25l[1Ggathering model components ⠴ [K[?25h[?2026l[?2026h[?25l[1Ggathering model components ⠦ [K[?25h[?2026l[?2026h[?25l[1Ggathering model components ⠧ [K[?25h[?2026l[?2026h[?25l[1Ggathering model components ⠇ [K[?25h[?2026l[?2026h[?25l[1Ggathering model components ⠏ [K[?25h[?2026l[?2026h[?25l[1Ggathering model components ⠋ [K[?25h[?2026l[?2026h[?25l[1Ggathering model components ⠙ [K[?25h[?2026l[?2026h[?25l[1Ggathering model components ⠹ [K[?25h[?2026l[?2026h[?25l[1Ggathering model components ⠸ [K[?25h[?2026l[?2026h[?25l[1Ggathering model components ⠼ [K[?25h[?2026l[?2026h[?25l[1Ggathering model components ⠴ [K[?25h[?2026l[?2026h[?25l[1Ggathering model components ⠦ [K[?25h[?2026l[?2026h[?25l[1Ggathering model components ⠧ [K[?25h[?2026l[?2026h[?25l[1Ggathering model components ⠇ [K[?25h[?2026l[?2026h[?25l[1Ggathering model components ⠏ [K[?25h[?2026l[?2026h[?25l[1Ggathering model components ⠋ [K[?25h[?2026l[?2026h[?25l[1Ggathering model components ⠙ [K[?25h[?2026l[?2026h[?25l[1Ggathering model components ⠹ [K[?25h[?2026l[?2026h[?25l[1Ggathering model components ⠸ [K[?25h[?2026l[?2026h[?25l[1Ggathering model components ⠼ [K[?25h[?2026l[?2026h[?25l[1Ggathering model components ⠴ [K[?25h[?2026l[?2026h[?25l[1Ggathering model components ⠦ [K[?25h[?2026l[?2026h[?25l[1Ggathering model components ⠧ [K[?25h[?2026l[?2026h[?25l[1Ggathering model components ⠇ [K[?25h[?2026l[?2026h[?25l[1Ggathering model components ⠏ [K[?25h[?2026l[?2026h[?25l[1Ggathering model components ⠋ [K[?25h[?2026l[?2026h[?25l[1Ggathering model components ⠙ [K[?25h[?2026l[?2026h[?25l[1Ggathering model components ⠹ [K[?25h[?2026l[?2026h[?25l[1Ggathering model components ⠸ [K[?25h[?2026l[?2026h[?25l[1Ggathering model components ⠼ [K[?25h[?2026l[?2026h[?25l[1Ggathering model components ⠴ [K[?25h[?2026l[?2026h[?25l[1Ggathering model components ⠦ [K[?25h[?2026l[?2026h[?25l[1Ggathering model components ⠧ [K[?25h[?2026l[?2026h[?25l[1Ggathering model components ⠇ [K[?25h[?2026l[?2026h[?25l[1Ggathering model components ⠏ [K[?25h[?2026l[?2026h[?25l[1Ggathering model components ⠋ [K[?25h[?2026l[?2026h[?25l[1Ggathering model components ⠙ [K[?25h[?2026l[?2026h[?25l[1Ggathering model components ⠹ [K[?25h[?2026l[?2026h[?25l[1Ggathering model components ⠸ [K[?25h[?2026l[?2026h[?25l[1Ggathering model components ⠼ [K[?25h[?2026l[?2026h[?25l[1Ggathering model components ⠴ [K[?25h[?2026l[?2026h[?25l[1Ggathering model components ⠦ [K[?25h[?2026l[?2026h[?25l[1Ggathering model components ⠧ [K[?25h[?2026l[?2026h[?25l[1Ggathering model components ⠇ [K[?25h[?2026l[?2026h[?25l[1Ggathering model components ⠏ [K[?25h[?2026l[?2026h[?25l[1Ggathering model components ⠋ [K[?25h[?2026l[?2026h[?25l[1Ggathering model components ⠙ [K[?25h[?2026l[?2026h[?25l[1Ggathering model components ⠹ [K[?25h[?2026l[?2026h[?25l[1Ggathering model components ⠸ [K[?25h[?2026l[?2026h[?25l[1Ggathering model components ⠼ [K[?25h[?2026l[?2026h[?25l[1Ggathering model components ⠴ [K[?25h[?2026l[?2026h[?25l[1Ggathering model components ⠦ [K[?25h[?2026l[?2026h[?25l[1Ggathering model components ⠧ [K[?25h[?2026l[?2026h[?25l[1Ggathering model components ⠇ [K[?25h[?2026l[?2026h[?25l[1Ggathering model components ⠏ [K[?25h[?2026l[?2026h[?25l[1Ggathering model components ⠋ [K[?25h[?2026l[?2026h[?25l[1Ggathering model components ⠙ [K[?25h[?2026l[?2026h[?25l[1Ggathering model components ⠹ [K[?25h[?2026l[?2026h[?25l[1Ggathering model components ⠸ [K[?25h[?2026l[?2026h[?25l[1Ggathering model components ⠼ [K[?25h[?2026l[?2026h[?25l[1Ggathering model components ⠴ [K[?25h[?2026l[?2026h[?25l[1Ggathering model components ⠦ [K[?25h[?2026l[?2026h[?25l[1Ggathering model components ⠧ [K[?25h[?2026l[?2026h[?25l[1Ggathering model components ⠇ [K[?25h[?2026l[?2026h[?25l[1Ggathering model components ⠏ [K[?25h[?2026l[?2026h[?25l[1Ggathering model components ⠋ [K[?25h[?2026l[?2026h[?25l[1Ggathering model components ⠙ [K[?25h[?2026l[?2026h[?25l[1Ggathering model components ⠹ [K[?25h[?2026l[?2026h[?25l[1Ggathering model components ⠸ [K[?25h[?2026l[?2026h[?25l[1Ggathering model components ⠼ [K[?25h[?2026l[?2026h[?25l[1Ggathering model components ⠴ [K[?25h[?2026l[?2026h[?25l[1Ggathering model components ⠦ [K[?25h[?2026l[?2026h[?25l[1Ggathering model components ⠧ [K[?25h[?2026l[?2026h[?25l[1Ggathering model components ⠇ [K[?25h[?2026l[?2026h[?25l[1Ggathering model components ⠏ [K[?25h[?2026l[?2026h[?25l[1Ggathering model components ⠋ [K[?25h[?2026l[?2026h[?25l[1Ggathering model components ⠙ [K[?25h[?2026l[?2026h[?25l[1Ggathering model components ⠹ [K[?25h[?2026l[?2026h[?25l[1Ggathering model components ⠸ [K[?25h[?2026l[?2026h[?25l[1Ggathering model components ⠼ [K[?25h[?2026l[?2026h[?25l[1Ggathering model components ⠴ [K[?25h[?2026l[?2026h[?25l[1Ggathering model components ⠦ [K[?25h[?2026l[?2026h[?25l[1Ggathering model components ⠧ [K[?25h[?2026l[?2026h[?25l[1Ggathering model components ⠇ [K[?25h[?2026l[?2026h[?25l[1Ggathering model components ⠏ [K[?25h[?2026l[?2026h[?25l[1Ggathering model components ⠋ [K[?25h[?2026l[?2026h[?25l[1Ggathering model components ⠙ [K[?25h[?2026l[?2026h[?25l[1Ggathering model components ⠹ [K[?25h[?2026l[?2026h[?25l[1Ggathering model components ⠸ [K[?25h[?2026l[?2026h[?25l[1Ggathering model components ⠼ [K[?25h[?2026l[?2026h[?25l[1Ggathering model components [K
copying file sha256:7a09bf37704ce637d40c52534c7120df18e9e6c70c1f7ff625a7c51e0217e0b1 0% ⠋ [K[?25h[?2026l[?2026h[?25l[A[1Ggathering model components [K
copying file sha256:7a09bf37704ce637d40c52534c7120df18e9e6c70c1f7ff625a7c51e0217e0b1 0% ⠙ [K[?25h[?2026l[?2026h[?25l[A[1Ggathering model components [K
copying file sha256:7a09bf37704ce637d40c52534c7120df18e9e6c70c1f7ff625a7c51e0217e0b1 0% ⠹ [K[?25h[?2026l[?2026h[?25l[A[1Ggathering model components [K
copying file sha256:7a09bf37704ce637d40c52534c7120df18e9e6c70c1f7ff625a7c51e0217e0b1 1% ⠸ [K[?25h[?2026l[?2026h[?25l[A[1Ggathering model components [K
copying file sha256:7a09bf37704ce637d40c52534c7120df18e9e6c70c1f7ff625a7c51e0217e0b1 1% ⠼ [K[?25h[?2026l[?2026h[?25l[A[1Ggathering model components [K
copying file sha256:7a09bf37704ce637d40c52534c7120df18e9e6c70c1f7ff625a7c51e0217e0b1 1% ⠴ [K[?25h[?2026l[?2026h[?25l[A[1Ggathering model components [K
copying file sha256:7a09bf37704ce637d40c52534c7120df18e9e6c70c1f7ff625a7c51e0217e0b1 2% ⠦ [K[?25h[?2026l[?2026h[?25l[A[1Ggathering model components [K
copying file sha256:7a09bf37704ce637d40c52534c7120df18e9e6c70c1f7ff625a7c51e0217e0b1 2% ⠧ [K[?25h[?2026l[?2026h[?25l[A[1Ggathering model components [K
copying file sha256:7a09bf37704ce637d40c52534c7120df18e9e6c70c1f7ff625a7c51e0217e0b1 2% ⠇ [K[?25h[?2026l[?2026h[?25l[A[1Ggathering model components [K
copying file sha256:7a09bf37704ce637d40c52534c7120df18e9e6c70c1f7ff625a7c51e0217e0b1 3% ⠏ [K[?25h[?2026l[?2026h[?25l[A[1Ggathering model components [K
copying file sha256:7a09bf37704ce637d40c52534c7120df18e9e6c70c1f7ff625a7c51e0217e0b1 3% ⠋ [K[?25h[?2026l[?2026h[?25l[A[1Ggathering model components [K
copying file sha256:7a09bf37704ce637d40c52534c7120df18e9e6c70c1f7ff625a7c51e0217e0b1 3% ⠙ [K[?25h[?2026l[?2026h[?25l[A[1Ggathering model components [K
copying file sha256:7a09bf37704ce637d40c52534c7120df18e9e6c70c1f7ff625a7c51e0217e0b1 4% ⠹ [K[?25h[?2026l[?2026h[?25l[A[1Ggathering model components [K
copying file sha256:7a09bf37704ce637d40c52534c7120df18e9e6c70c1f7ff625a7c51e0217e0b1 4% ⠸ [K[?25h[?2026l[?2026h[?25l[A[1Ggathering model components [K
copying file sha256:7a09bf37704ce637d40c52534c7120df18e9e6c70c1f7ff625a7c51e0217e0b1 5% ⠼ [K[?25h[?2026l[?2026h[?25l[A[1Ggathering model components [K
copying file sha256:7a09bf37704ce637d40c52534c7120df18e9e6c70c1f7ff625a7c51e0217e0b1 5% ⠴ [K[?25h[?2026l[?2026h[?25l[A[1Ggathering model components [K
copying file sha256:7a09bf37704ce637d40c52534c7120df18e9e6c70c1f7ff625a7c51e0217e0b1 5% ⠦ [K[?25h[?2026l[?2026h[?25l[A[1Ggathering model components [K
copying file sha256:7a09bf37704ce637d40c52534c7120df18e9e6c70c1f7ff625a7c51e0217e0b1 6% ⠧ [K[?25h[?2026l[?2026h[?25l[A[1Ggathering model components [K
copying file sha256:7a09bf37704ce637d40c52534c7120df18e9e6c70c1f7ff625a7c51e0217e0b1 6% ⠇ [K[?25h[?2026l[?2026h[?25l[A[1Ggathering model components [K
copying file sha256:7a09bf37704ce637d40c52534c7120df18e9e6c70c1f7ff625a7c51e0217e0b1 6% ⠏ [K[?25h[?2026l[?2026h[?25l[A[1Ggathering model components [K
copying file sha256:7a09bf37704ce637d40c52534c7120df18e9e6c70c1f7ff625a7c51e0217e0b1 7% ⠋ [K[?25h[?2026l[?2026h[?25l[A[1Ggathering model components [K
copying file sha256:7a09bf37704ce637d40c52534c7120df18e9e6c70c1f7ff625a7c51e0217e0b1 7% ⠙ [K[?25h[?2026l[?2026h[?25l[A[1Ggathering model components [K
copying file sha256:7a09bf37704ce637d40c52534c7120df18e9e6c70c1f7ff625a7c51e0217e0b1 8% ⠹ [K[?25h[?2026l[?2026h[?25l[A[1Ggathering model components [K
copying file sha256:7a09bf37704ce637d40c52534c7120df18e9e6c70c1f7ff625a7c51e0217e0b1 8% ⠸ [K[?25h[?2026l[?2026h[?25l[A[1Ggathering model components [K
copying file sha256:7a09bf37704ce637d40c52534c7120df18e9e6c70c1f7ff625a7c51e0217e0b1 8% ⠼ [K[?25h[?2026l[?2026h[?25l[A[1Ggathering model components [K
copying file sha256:7a09bf37704ce637d40c52534c7120df18e9e6c70c1f7ff625a7c51e0217e0b1 8% ⠴ [K[?25h[?2026l[?2026h[?25l[A[1Ggathering model components [K
copying file sha256:7a09bf37704ce637d40c52534c7120df18e9e6c70c1f7ff625a7c51e0217e0b1 9% ⠦ [K[?25h[?2026l[?2026h[?25l[A[1Ggathering model components [K
copying file sha256:7a09bf37704ce637d40c52534c7120df18e9e6c70c1f7ff625a7c51e0217e0b1 9% ⠧ [K[?25h[?2026l[?2026h[?25l[A[1Ggathering model components [K
copying file sha256:7a09bf37704ce637d40c52534c7120df18e9e6c70c1f7ff625a7c51e0217e0b1 10% ⠇ [K[?25h[?2026l[?2026h[?25l[A[1Ggathering model components [K
copying file sha256:7a09bf37704ce637d40c52534c7120df18e9e6c70c1f7ff625a7c51e0217e0b1 10% ⠏ [K[?25h[?2026l[?2026h[?25l[A[1Ggathering model components [K
copying file sha256:7a09bf37704ce637d40c52534c7120df18e9e6c70c1f7ff625a7c51e0217e0b1 10% ⠋ [K[?25h[?2026l[?2026h[?25l[A[1Ggathering model components [K
copying file sha256:7a09bf37704ce637d40c52534c7120df18e9e6c70c1f7ff625a7c51e0217e0b1 11% ⠙ [K[?25h[?2026l[?2026h[?25l[A[1Ggathering model components [K
copying file sha256:7a09bf37704ce637d40c52534c7120df18e9e6c70c1f7ff625a7c51e0217e0b1 11% ⠹ [K[?25h[?2026l[?2026h[?25l[A[1Ggathering model components [K
copying file sha256:7a09bf37704ce637d40c52534c7120df18e9e6c70c1f7ff625a7c51e0217e0b1 12% ⠸ [K[?25h[?2026l[?2026h[?25l[A[1Ggathering model components [K
copying file sha256:7a09bf37704ce637d40c52534c7120df18e9e6c70c1f7ff625a7c51e0217e0b1 12% ⠼ [K[?25h[?2026l[?2026h[?25l[A[1Ggathering model components [K
copying file sha256:7a09bf37704ce637d40c52534c7120df18e9e6c70c1f7ff625a7c51e0217e0b1 12% ⠴ [K[?25h[?2026l[?2026h[?25l[A[1Ggathering model components [K
copying file sha256:7a09bf37704ce637d40c52534c7120df18e9e6c70c1f7ff625a7c51e0217e0b1 13% ⠦ [K[?25h[?2026l[?2026h[?25l[A[1Ggathering model components [K
copying file sha256:7a09bf37704ce637d40c52534c7120df18e9e6c70c1f7ff625a7c51e0217e0b1 13% ⠧ [K[?25h[?2026l[?2026h[?25l[A[1Ggathering model components [K
copying file sha256:7a09bf37704ce637d40c52534c7120df18e9e6c70c1f7ff625a7c51e0217e0b1 13% ⠇ [K[?25h[?2026l[?2026h[?25l[A[1Ggathering model components [K
copying file sha256:7a09bf37704ce637d40c52534c7120df18e9e6c70c1f7ff625a7c51e0217e0b1 14% ⠏ [K[?25h[?2026l[?2026h[?25l[A[1Ggathering model components [K
copying file sha256:7a09bf37704ce637d40c52534c7120df18e9e6c70c1f7ff625a7c51e0217e0b1 14% ⠋ [K[?25h[?2026l[?2026h[?25l[A[1Ggathering model components [K
copying file sha256:7a09bf37704ce637d40c52534c7120df18e9e6c70c1f7ff625a7c51e0217e0b1 14% ⠙ [K[?25h[?2026l[?2026h[?25l[A[1Ggathering model components [K
copying file sha256:7a09bf37704ce637d40c52534c7120df18e9e6c70c1f7ff625a7c51e0217e0b1 15% ⠹ [K[?25h[?2026l[?2026h[?25l[A[1Ggathering model components [K
copying file sha256:7a09bf37704ce637d40c52534c7120df18e9e6c70c1f7ff625a7c51e0217e0b1 15% ⠸ [K[?25h[?2026l[?2026h[?25l[A[1Ggathering model components [K
copying file sha256:7a09bf37704ce637d40c52534c7120df18e9e6c70c1f7ff625a7c51e0217e0b1 15% ⠼ [K[?25h[?2026l[?2026h[?25l[A[1Ggathering model components [K
copying file sha256:7a09bf37704ce637d40c52534c7120df18e9e6c70c1f7ff625a7c51e0217e0b1 16% ⠴ [K[?25h[?2026l[?2026h[?25l[A[1Ggathering model components [K
copying file sha256:7a09bf37704ce637d40c52534c7120df18e9e6c70c1f7ff625a7c51e0217e0b1 16% ⠦ [K[?25h[?2026l[?2026h[?25l[A[1Ggathering model components [K
copying file sha256:7a09bf37704ce637d40c52534c7120df18e9e6c70c1f7ff625a7c51e0217e0b1 17% ⠧ [K[?25h[?2026l[?2026h[?25l[A[1Ggathering model components [K
copying file sha256:7a09bf37704ce637d40c52534c7120df18e9e6c70c1f7ff625a7c51e0217e0b1 17% ⠇ [K[?25h[?2026l[?2026h[?25l[A[1Ggathering model components [K
copying file sha256:7a09bf37704ce637d40c52534c7120df18e9e6c70c1f7ff625a7c51e0217e0b1 17% ⠏ [K[?25h[?2026l[?2026h[?25l[A[1Ggathering model components [K
copying file sha256:7a09bf37704ce637d40c52534c7120df18e9e6c70c1f7ff625a7c51e0217e0b1 18% ⠋ [K[?25h[?2026l[?2026h[?25l[A[1Ggathering model components [K
copying file sha256:7a09bf37704ce637d40c52534c7120df18e9e6c70c1f7ff625a7c51e0217e0b1 18% ⠙ [K[?25h[?2026l[?2026h[?25l[A[1Ggathering model components [K
copying file sha256:7a09bf37704ce637d40c52534c7120df18e9e6c70c1f7ff625a7c51e0217e0b1 18% ⠹ [K[?25h[?2026l[?2026h[?25l[A[1Ggathering model components [K
copying file sha256:7a09bf37704ce637d40c52534c7120df18e9e6c70c1f7ff625a7c51e0217e0b1 19% ⠸ [K[?25h[?2026l[?2026h[?25l[A[1Ggathering model components [K
copying file sha256:7a09bf37704ce637d40c52534c7120df18e9e6c70c1f7ff625a7c51e0217e0b1 19% ⠼ [K[?25h[?2026l[?2026h[?25l[A[1Ggathering model components [K
copying file sha256:7a09bf37704ce637d40c52534c7120df18e9e6c70c1f7ff625a7c51e0217e0b1 20% ⠴ [K[?25h[?2026l[?2026h[?25l[A[1Ggathering model components [K
copying file sha256:7a09bf37704ce637d40c52534c7120df18e9e6c70c1f7ff625a7c51e0217e0b1 20% ⠦ [K[?25h[?2026l[?2026h[?25l[A[1Ggathering model components [K
copying file sha256:7a09bf37704ce637d40c52534c7120df18e9e6c70c1f7ff625a7c51e0217e0b1 20% ⠧ [K[?25h[?2026l[?2026h[?25l[A[1Ggathering model components [K
copying file sha256:7a09bf37704ce637d40c52534c7120df18e9e6c70c1f7ff625a7c51e0217e0b1 20% ⠇ [K[?25h[?2026l[?2026h[?25l[A[1Ggathering model components [K
copying file sha256:7a09bf37704ce637d40c52534c7120df18e9e6c70c1f7ff625a7c51e0217e0b1 21% ⠏ [K[?25h[?2026l[?2026h[?25l[A[1Ggathering model components [K
copying file sha256:7a09bf37704ce637d40c52534c7120df18e9e6c70c1f7ff625a7c51e0217e0b1 21% ⠋ [K[?25h[?2026l[?2026h[?25l[A[1Ggathering model components [K
copying file sha256:7a09bf37704ce637d40c52534c7120df18e9e6c70c1f7ff625a7c51e0217e0b1 22% ⠙ [K[?25h[?2026l[?2026h[?25l[A[1Ggathering model components [K
copying file sha256:7a09bf37704ce637d40c52534c7120df18e9e6c70c1f7ff625a7c51e0217e0b1 22% ⠹ [K[?25h[?2026l[?2026h[?25l[A[1Ggathering model components [K
copying file sha256:7a09bf37704ce637d40c52534c7120df18e9e6c70c1f7ff625a7c51e0217e0b1 22% ⠸ [K[?25h[?2026l[?2026h[?25l[A[1Ggathering model components [K
copying file sha256:7a09bf37704ce637d40c52534c7120df18e9e6c70c1f7ff625a7c51e0217e0b1 23% ⠼ [K[?25h[?2026l[?2026h[?25l[A[1Ggathering model components [K
copying file sha256:7a09bf37704ce637d40c52534c7120df18e9e6c70c1f7ff625a7c51e0217e0b1 23% ⠴ [K[?25h[?2026l[?2026h[?25l[A[1Ggathering model components [K
copying file sha256:7a09bf37704ce637d40c52534c7120df18e9e6c70c1f7ff625a7c51e0217e0b1 24% ⠦ [K[?25h[?2026l[?2026h[?25l[A[1Ggathering model components [K
copying file sha256:7a09bf37704ce637d40c52534c7120df18e9e6c70c1f7ff625a7c51e0217e0b1 24% ⠧ [K[?25h[?2026l[?2026h[?25l[A[1Ggathering model components [K
copying file sha256:7a09bf37704ce637d40c52534c7120df18e9e6c70c1f7ff625a7c51e0217e0b1 24% ⠇ [K[?25h[?2026l[?2026h[?25l[A[1Ggathering model components [K
copying file sha256:7a09bf37704ce637d40c52534c7120df18e9e6c70c1f7ff625a7c51e0217e0b1 25% ⠏ [K[?25h[?2026l[?2026h[?25l[A[1Ggathering model components [K
copying file sha256:7a09bf37704ce637d40c52534c7120df18e9e6c70c1f7ff625a7c51e0217e0b1 25% ⠋ [K[?25h[?2026l[?2026h[?25l[A[1Ggathering model components [K
copying file sha256:7a09bf37704ce637d40c52534c7120df18e9e6c70c1f7ff625a7c51e0217e0b1 25% ⠙ [K[?25h[?2026l[?2026h[?25l[A[1Ggathering model components [K
copying file sha256:7a09bf37704ce637d40c52534c7120df18e9e6c70c1f7ff625a7c51e0217e0b1 26% ⠹ [K[?25h[?2026l[?2026h[?25l[A[1Ggathering model components [K
copying file sha256:7a09bf37704ce637d40c52534c7120df18e9e6c70c1f7ff625a7c51e0217e0b1 26% ⠸ [K[?25h[?2026l[?2026h[?25l[A[1Ggathering model components [K
copying file sha256:7a09bf37704ce637d40c52534c7120df18e9e6c70c1f7ff625a7c51e0217e0b1 26% ⠼ [K[?25h[?2026l[?2026h[?25l[A[1Ggathering model components [K
copying file sha256:7a09bf37704ce637d40c52534c7120df18e9e6c70c1f7ff625a7c51e0217e0b1 27% ⠴ [K[?25h[?2026l[?2026h[?25l[A[1Ggathering model components [K
copying file sha256:7a09bf37704ce637d40c52534c7120df18e9e6c70c1f7ff625a7c51e0217e0b1 27% ⠦ [K[?25h[?2026l[?2026h[?25l[A[1Ggathering model components [K
copying file sha256:7a09bf37704ce637d40c52534c7120df18e9e6c70c1f7ff625a7c51e0217e0b1 27% ⠧ [K[?25h[?2026l[?2026h[?25l[A[1Ggathering model components [K
copying file sha256:7a09bf37704ce637d40c52534c7120df18e9e6c70c1f7ff625a7c51e0217e0b1 28% ⠇ [K[?25h[?2026l[?2026h[?25l[A[1Ggathering model components [K
copying file sha256:7a09bf37704ce637d40c52534c7120df18e9e6c70c1f7ff625a7c51e0217e0b1 28% ⠏ [K[?25h[?2026l[?2026h[?25l[A[1Ggathering model components [K
copying file sha256:7a09bf37704ce637d40c52534c7120df18e9e6c70c1f7ff625a7c51e0217e0b1 29% ⠋ [K[?25h[?2026l[?2026h[?25l[A[1Ggathering model components [K
copying file sha256:7a09bf37704ce637d40c52534c7120df18e9e6c70c1f7ff625a7c51e0217e0b1 29% ⠙ [K[?25h[?2026l[?2026h[?25l[A[1Ggathering model components [K
copying file sha256:7a09bf37704ce637d40c52534c7120df18e9e6c70c1f7ff625a7c51e0217e0b1 29% ⠹ [K[?25h[?2026l[?2026h[?25l[A[1Ggathering model components [K
copying file sha256:7a09bf37704ce637d40c52534c7120df18e9e6c70c1f7ff625a7c51e0217e0b1 30% ⠸ [K[?25h[?2026l[?2026h[?25l[A[1Ggathering model components [K
copying file sha256:7a09bf37704ce637d40c52534c7120df18e9e6c70c1f7ff625a7c51e0217e0b1 30% ⠼ [K[?25h[?2026l[?2026h[?25l[A[1Ggathering model components [K
copying file sha256:7a09bf37704ce637d40c52534c7120df18e9e6c70c1f7ff625a7c51e0217e0b1 30% ⠴ [K[?25h[?2026l[?2026h[?25l[A[1Ggathering model components [K
copying file sha256:7a09bf37704ce637d40c52534c7120df18e9e6c70c1f7ff625a7c51e0217e0b1 31% ⠦ [K[?25h[?2026l[?2026h[?25l[A[1Ggathering model components [K
copying file sha256:7a09bf37704ce637d40c52534c7120df18e9e6c70c1f7ff625a7c51e0217e0b1 31% ⠧ [K[?25h[?2026l[?2026h[?25l[A[1Ggathering model components [K
copying file sha256:7a09bf37704ce637d40c52534c7120df18e9e6c70c1f7ff625a7c51e0217e0b1 32% ⠇ [K[?25h[?2026l[?2026h[?25l[A[1Ggathering model components [K
copying file sha256:7a09bf37704ce637d40c52534c7120df18e9e6c70c1f7ff625a7c51e0217e0b1 32% ⠏ [K[?25h[?2026l[?2026h[?25l[A[1Ggathering model components [K
copying file sha256:7a09bf37704ce637d40c52534c7120df18e9e6c70c1f7ff625a7c51e0217e0b1 32% ⠋ [K[?25h[?2026l[?2026h[?25l[A[1Ggathering model components [K
copying file sha256:7a09bf37704ce637d40c52534c7120df18e9e6c70c1f7ff625a7c51e0217e0b1 33% ⠙ [K[?25h[?2026l[?2026h[?25l[A[1Ggathering model components [K
copying file sha256:7a09bf37704ce637d40c52534c7120df18e9e6c70c1f7ff625a7c51e0217e0b1 33% ⠹ [K[?25h[?2026l[?2026h[?25l[A[1Ggathering model components [K
copying file sha256:7a09bf37704ce637d40c52534c7120df18e9e6c70c1f7ff625a7c51e0217e0b1 33% ⠸ [K[?25h[?2026l[?2026h[?25l[A[1Ggathering model components [K
copying file sha256:7a09bf37704ce637d40c52534c7120df18e9e6c70c1f7ff625a7c51e0217e0b1 34% ⠼ [K[?25h[?2026l[?2026h[?25l[A[1Ggathering model components [K
copying file sha256:7a09bf37704ce637d40c52534c7120df18e9e6c70c1f7ff625a7c51e0217e0b1 34% ⠴ [K[?25h[?2026l[?2026h[?25l[A[1Ggathering model components [K
copying file sha256:7a09bf37704ce637d40c52534c7120df18e9e6c70c1f7ff625a7c51e0217e0b1 34% ⠦ [K[?25h[?2026l[?2026h[?25l[A[1Ggathering model components [K
copying file sha256:7a09bf37704ce637d40c52534c7120df18e9e6c70c1f7ff625a7c51e0217e0b1 35% ⠧ [K[?25h[?2026l[?2026h[?25l[A[1Ggathering model components [K
copying file sha256:7a09bf37704ce637d40c52534c7120df18e9e6c70c1f7ff625a7c51e0217e0b1 35% ⠇ [K[?25h[?2026l[?2026h[?25l[A[1Ggathering model components [K
copying file sha256:7a09bf37704ce637d40c52534c7120df18e9e6c70c1f7ff625a7c51e0217e0b1 36% ⠏ [K[?25h[?2026l[?2026h[?25l[A[1Ggathering model components [K
copying file sha256:7a09bf37704ce637d40c52534c7120df18e9e6c70c1f7ff625a7c51e0217e0b1 36% ⠋ [K[?25h[?2026l[?2026h[?25l[A[1Ggathering model components [K
copying file sha256:7a09bf37704ce637d40c52534c7120df18e9e6c70c1f7ff625a7c51e0217e0b1 36% ⠙ [K[?25h[?2026l[?2026h[?25l[A[1Ggathering model components [K
copying file sha256:7a09bf37704ce637d40c52534c7120df18e9e6c70c1f7ff625a7c51e0217e0b1 37% ⠹ [K[?25h[?2026l[?2026h[?25l[A[1Ggathering model components [K
copying file sha256:7a09bf37704ce637d40c52534c7120df18e9e6c70c1f7ff625a7c51e0217e0b1 37% ⠸ [K[?25h[?2026l[?2026h[?25l[A[1Ggathering model components [K
copying file sha256:7a09bf37704ce637d40c52534c7120df18e9e6c70c1f7ff625a7c51e0217e0b1 37% ⠼ [K[?25h[?2026l[?2026h[?25l[A[1Ggathering model components [K
copying file sha256:7a09bf37704ce637d40c52534c7120df18e9e6c70c1f7ff625a7c51e0217e0b1 38% ⠴ [K[?25h[?2026l[?2026h[?25l[A[1Ggathering model components [K
copying file sha256:7a09bf37704ce637d40c52534c7120df18e9e6c70c1f7ff625a7c51e0217e0b1 38% ⠦ [K[?25h[?2026l[?2026h[?25l[A[1Ggathering model components [K
copying file sha256:7a09bf37704ce637d40c52534c7120df18e9e6c70c1f7ff625a7c51e0217e0b1 38% ⠧ [K[?25h[?2026l[?2026h[?25l[A[1Ggathering model components [K
copying file sha256:7a09bf37704ce637d40c52534c7120df18e9e6c70c1f7ff625a7c51e0217e0b1 39% ⠇ [K[?25h[?2026l[?2026h[?25l[A[1Ggathering model components [K
copying file sha256:7a09bf37704ce637d40c52534c7120df18e9e6c70c1f7ff625a7c51e0217e0b1 39% ⠏ [K[?25h[?2026l[?2026h[?25l[A[1Ggathering model components [K
copying file sha256:7a09bf37704ce637d40c52534c7120df18e9e6c70c1f7ff625a7c51e0217e0b1 39% ⠋ [K[?25h[?2026l[?2026h[?25l[A[1Ggathering model components [K
copying file sha256:7a09bf37704ce637d40c52534c7120df18e9e6c70c1f7ff625a7c51e0217e0b1 40% ⠙ [K[?25h[?2026l[?2026h[?25l[A[1Ggathering model components [K
copying file sha256:7a09bf37704ce637d40c52534c7120df18e9e6c70c1f7ff625a7c51e0217e0b1 40% ⠹ [K[?25h[?2026l[?2026h[?25l[A[1Ggathering model components [K
copying file sha256:7a09bf37704ce637d40c52534c7120df18e9e6c70c1f7ff625a7c51e0217e0b1 40% ⠸ [K[?25h[?2026l[?2026h[?25l[A[1Ggathering model components [K
copying file sha256:7a09bf37704ce637d40c52534c7120df18e9e6c70c1f7ff625a7c51e0217e0b1 41% ⠼ [K[?25h[?2026l[?2026h[?25l[A[1Ggathering model components [K
copying file sha256:7a09bf37704ce637d40c52534c7120df18e9e6c70c1f7ff625a7c51e0217e0b1 41% ⠴ [K[?25h[?2026l[?2026h[?25l[A[1Ggathering model components [K
copying file sha256:7a09bf37704ce637d40c52534c7120df18e9e6c70c1f7ff625a7c51e0217e0b1 41% ⠦ [K[?25h[?2026l[?2026h[?25l[A[1Ggathering model components [K
copying file sha256:7a09bf37704ce637d40c52534c7120df18e9e6c70c1f7ff625a7c51e0217e0b1 42% ⠧ [K[?25h[?2026l[?2026h[?25l[A[1Ggathering model components [K
copying file sha256:7a09bf37704ce637d40c52534c7120df18e9e6c70c1f7ff625a7c51e0217e0b1 42% ⠇ [K[?25h[?2026l[?2026h[?25l[A[1Ggathering model components [K
copying file sha256:7a09bf37704ce637d40c52534c7120df18e9e6c70c1f7ff625a7c51e0217e0b1 42% ⠏ [K[?25h[?2026l[?2026h[?25l[A[1Ggathering model components [K
copying file sha256:7a09bf37704ce637d40c52534c7120df18e9e6c70c1f7ff625a7c51e0217e0b1 43% ⠋ [K[?25h[?2026l[?2026h[?25l[A[1Ggathering model components [K
copying file sha256:7a09bf37704ce637d40c52534c7120df18e9e6c70c1f7ff625a7c51e0217e0b1 43% ⠙ [K[?25h[?2026l[?2026h[?25l[A[1Ggathering model components [K
copying file sha256:7a09bf37704ce637d40c52534c7120df18e9e6c70c1f7ff625a7c51e0217e0b1 43% ⠹ [K[?25h[?2026l[?2026h[?25l[A[1Ggathering model components [K
copying file sha256:7a09bf37704ce637d40c52534c7120df18e9e6c70c1f7ff625a7c51e0217e0b1 44% ⠸ [K[?25h[?2026l[?2026h[?25l[A[1Ggathering model components [K
copying file sha256:7a09bf37704ce637d40c52534c7120df18e9e6c70c1f7ff625a7c51e0217e0b1 44% ⠼ [K[?25h[?2026l[?2026h[?25l[A[1Ggathering model components [K
copying file sha256:7a09bf37704ce637d40c52534c7120df18e9e6c70c1f7ff625a7c51e0217e0b1 44% ⠴ [K[?25h[?2026l[?2026h[?25l[A[1Ggathering model components [K
copying file sha256:7a09bf37704ce637d40c52534c7120df18e9e6c70c1f7ff625a7c51e0217e0b1 45% ⠦ [K[?25h[?2026l[?2026h[?25l[A[1Ggathering model components [K
copying file sha256:7a09bf37704ce637d40c52534c7120df18e9e6c70c1f7ff625a7c51e0217e0b1 45% ⠧ [K[?25h[?2026l[?2026h[?25l[A[1Ggathering model components [K
copying file sha256:7a09bf37704ce637d40c52534c7120df18e9e6c70c1f7ff625a7c51e0217e0b1 46% ⠇ [K[?25h[?2026l[?2026h[?25l[A[1Ggathering model components [K
copying file sha256:7a09bf37704ce637d40c52534c7120df18e9e6c70c1f7ff625a7c51e0217e0b1 46% ⠏ [K[?25h[?2026l[?2026h[?25l[A[1Ggathering model components [K
copying file sha256:7a09bf37704ce637d40c52534c7120df18e9e6c70c1f7ff625a7c51e0217e0b1 46% ⠋ [K[?25h[?2026l[?2026h[?25l[A[1Ggathering model components [K
copying file sha256:7a09bf37704ce637d40c52534c7120df18e9e6c70c1f7ff625a7c51e0217e0b1 47% ⠙ [K[?25h[?2026l[?2026h[?25l[A[1Ggathering model components [K
copying file sha256:7a09bf37704ce637d40c52534c7120df18e9e6c70c1f7ff625a7c51e0217e0b1 47% ⠹ [K[?25h[?2026l[?2026h[?25l[A[1Ggathering model components [K
copying file sha256:7a09bf37704ce637d40c52534c7120df18e9e6c70c1f7ff625a7c51e0217e0b1 47% ⠸ [K[?25h[?2026l[?2026h[?25l[A[1Ggathering model components [K
copying file sha256:7a09bf37704ce637d40c52534c7120df18e9e6c70c1f7ff625a7c51e0217e0b1 48% ⠼ [K[?25h[?2026l[?2026h[?25l[A[1Ggathering model components [K
copying file sha256:7a09bf37704ce637d40c52534c7120df18e9e6c70c1f7ff625a7c51e0217e0b1 48% ⠴ [K[?25h[?2026l[?2026h[?25l[A[1Ggathering model components [K
copying file sha256:7a09bf37704ce637d40c52534c7120df18e9e6c70c1f7ff625a7c51e0217e0b1 48% ⠦ [K[?25h[?2026l[?2026h[?25l[A[1Ggathering model components [K
copying file sha256:7a09bf37704ce637d40c52534c7120df18e9e6c70c1f7ff625a7c51e0217e0b1 49% ⠧ [K[?25h[?2026l[?2026h[?25l[A[1Ggathering model components [K
copying file sha256:7a09bf37704ce637d40c52534c7120df18e9e6c70c1f7ff625a7c51e0217e0b1 49% ⠇ [K[?25h[?2026l[?2026h[?25l[A[1Ggathering model components [K
copying file sha256:7a09bf37704ce637d40c52534c7120df18e9e6c70c1f7ff625a7c51e0217e0b1 49% ⠏ [K[?25h[?2026l[?2026h[?25l[A[1Ggathering model components [K
copying file sha256:7a09bf37704ce637d40c52534c7120df18e9e6c70c1f7ff625a7c51e0217e0b1 50% ⠋ [K[?25h[?2026l[?2026h[?25l[A[1Ggathering model components [K
copying file sha256:7a09bf37704ce637d40c52534c7120df18e9e6c70c1f7ff625a7c51e0217e0b1 50% ⠙ [K[?25h[?2026l[?2026h[?25l[A[1Ggathering model components [K
copying file sha256:7a09bf37704ce637d40c52534c7120df18e9e6c70c1f7ff625a7c51e0217e0b1 51% ⠹ [K[?25h[?2026l[?2026h[?25l[A[1Ggathering model components [K
copying file sha256:7a09bf37704ce637d40c52534c7120df18e9e6c70c1f7ff625a7c51e0217e0b1 51% ⠸ [K[?25h[?2026l[?2026h[?25l[A[1Ggathering model components [K
copying file sha256:7a09bf37704ce637d40c52534c7120df18e9e6c70c1f7ff625a7c51e0217e0b1 51% ⠼ [K[?25h[?2026l[?2026h[?25l[A[1Ggathering model components [K
copying file sha256:7a09bf37704ce637d40c52534c7120df18e9e6c70c1f7ff625a7c51e0217e0b1 52% ⠴ [K[?25h[?2026l[?2026h[?25l[A[1Ggathering model components [K
copying file sha256:7a09bf37704ce637d40c52534c7120df18e9e6c70c1f7ff625a7c51e0217e0b1 52% ⠦ [K[?25h[?2026l[?2026h[?25l[A[1Ggathering model components [K
copying file sha256:7a09bf37704ce637d40c52534c7120df18e9e6c70c1f7ff625a7c51e0217e0b1 52% ⠧ [K[?25h[?2026l[?2026h[?25l[A[1Ggathering model components [K
copying file sha256:7a09bf37704ce637d40c52534c7120df18e9e6c70c1f7ff625a7c51e0217e0b1 53% ⠇ [K[?25h[?2026l[?2026h[?25l[A[1Ggathering model components [K
copying file sha256:7a09bf37704ce637d40c52534c7120df18e9e6c70c1f7ff625a7c51e0217e0b1 53% ⠏ [K[?25h[?2026l[?2026h[?25l[A[1Ggathering model components [K
copying file sha256:7a09bf37704ce637d40c52534c7120df18e9e6c70c1f7ff625a7c51e0217e0b1 53% ⠋ [K[?25h[?2026l[?2026h[?25l[A[1Ggathering model components [K
copying file sha256:7a09bf37704ce637d40c52534c7120df18e9e6c70c1f7ff625a7c51e0217e0b1 54% ⠙ [K[?25h[?2026l[?2026h[?25l[A[1Ggathering model components [K
copying file sha256:7a09bf37704ce637d40c52534c7120df18e9e6c70c1f7ff625a7c51e0217e0b1 54% ⠹ [K[?25h[?2026l[?2026h[?25l[A[1Ggathering model components [K
copying file sha256:7a09bf37704ce637d40c52534c7120df18e9e6c70c1f7ff625a7c51e0217e0b1 54% ⠸ [K[?25h[?2026l[?2026h[?25l[A[1Ggathering model components [K
copying file sha256:7a09bf37704ce637d40c52534c7120df18e9e6c70c1f7ff625a7c51e0217e0b1 55% ⠼ [K[?25h[?2026l[?2026h[?25l[A[1Ggathering model components [K
copying file sha256:7a09bf37704ce637d40c52534c7120df18e9e6c70c1f7ff625a7c51e0217e0b1 55% ⠴ [K[?25h[?2026l[?2026h[?25l[A[1Ggathering model components [K
copying file sha256:7a09bf37704ce637d40c52534c7120df18e9e6c70c1f7ff625a7c51e0217e0b1 56% ⠦ [K[?25h[?2026l[?2026h[?25l[A[1Ggathering model components [K
copying file sha256:7a09bf37704ce637d40c52534c7120df18e9e6c70c1f7ff625a7c51e0217e0b1 56% ⠧ [K[?25h[?2026l[?2026h[?25l[A[1Ggathering model components [K
copying file sha256:7a09bf37704ce637d40c52534c7120df18e9e6c70c1f7ff625a7c51e0217e0b1 56% ⠇ [K[?25h[?2026l[?2026h[?25l[A[1Ggathering model components [K
copying file sha256:7a09bf37704ce637d40c52534c7120df18e9e6c70c1f7ff625a7c51e0217e0b1 57% ⠏ [K[?25h[?2026l[?2026h[?25l[A[1Ggathering model components [K
copying file sha256:7a09bf37704ce637d40c52534c7120df18e9e6c70c1f7ff625a7c51e0217e0b1 57% ⠋ [K[?25h[?2026l[?2026h[?25l[A[1Ggathering model components [K
copying file sha256:7a09bf37704ce637d40c52534c7120df18e9e6c70c1f7ff625a7c51e0217e0b1 57% ⠙ [K[?25h[?2026l[?2026h[?25l[A[1Ggathering model components [K
copying file sha256:7a09bf37704ce637d40c52534c7120df18e9e6c70c1f7ff625a7c51e0217e0b1 58% ⠹ [K[?25h[?2026l[?2026h[?25l[A[1Ggathering model components [K
copying file sha256:7a09bf37704ce637d40c52534c7120df18e9e6c70c1f7ff625a7c51e0217e0b1 58% ⠸ [K[?25h[?2026l[?2026h[?25l[A[1Ggathering model components [K
copying file sha256:7a09bf37704ce637d40c52534c7120df18e9e6c70c1f7ff625a7c51e0217e0b1 58% ⠼ [K[?25h[?2026l[?2026h[?25l[A[1Ggathering model components [K
copying file sha256:7a09bf37704ce637d40c52534c7120df18e9e6c70c1f7ff625a7c51e0217e0b1 59% ⠴ [K[?25h[?2026l[?2026h[?25l[A[1Ggathering model components [K
copying file sha256:7a09bf37704ce637d40c52534c7120df18e9e6c70c1f7ff625a7c51e0217e0b1 59% ⠦ [K[?25h[?2026l[?2026h[?25l[A[1Ggathering model components [K
copying file sha256:7a09bf37704ce637d40c52534c7120df18e9e6c70c1f7ff625a7c51e0217e0b1 59% ⠧ [K[?25h[?2026l[?2026h[?25l[A[1Ggathering model components [K
copying file sha256:7a09bf37704ce637d40c52534c7120df18e9e6c70c1f7ff625a7c51e0217e0b1 60% ⠇ [K[?25h[?2026l[?2026h[?25l[A[1Ggathering model components [K
copying file sha256:7a09bf37704ce637d40c52534c7120df18e9e6c70c1f7ff625a7c51e0217e0b1 60% ⠏ [K[?25h[?2026l[?2026h[?25l[A[1Ggathering model components [K
copying file sha256:7a09bf37704ce637d40c52534c7120df18e9e6c70c1f7ff625a7c51e0217e0b1 60% ⠋ [K[?25h[?2026l[?2026h[?25l[A[1Ggathering model components [K
copying file sha256:7a09bf37704ce637d40c52534c7120df18e9e6c70c1f7ff625a7c51e0217e0b1 61% ⠙ [K[?25h[?2026l[?2026h[?25l[A[1Ggathering model components [K
copying file sha256:7a09bf37704ce637d40c52534c7120df18e9e6c70c1f7ff625a7c51e0217e0b1 61% ⠹ [K[?25h[?2026l[?2026h[?25l[A[1Ggathering model components [K
copying file sha256:7a09bf37704ce637d40c52534c7120df18e9e6c70c1f7ff625a7c51e0217e0b1 61% ⠸ [K[?25h[?2026l[?2026h[?25l[A[1Ggathering model components [K
copying file sha256:7a09bf37704ce637d40c52534c7120df18e9e6c70c1f7ff625a7c51e0217e0b1 62% ⠼ [K[?25h[?2026l[?2026h[?25l[A[1Ggathering model components [K
copying file sha256:7a09bf37704ce637d40c52534c7120df18e9e6c70c1f7ff625a7c51e0217e0b1 62% ⠴ [K[?25h[?2026l[?2026h[?25l[A[1Ggathering model components [K
copying file sha256:7a09bf37704ce637d40c52534c7120df18e9e6c70c1f7ff625a7c51e0217e0b1 62% ⠦ [K[?25h[?2026l[?2026h[?25l[A[1Ggathering model components [K
copying file sha256:7a09bf37704ce637d40c52534c7120df18e9e6c70c1f7ff625a7c51e0217e0b1 62% ⠧ [K[?25h[?2026l[?2026h[?25l[A[1Ggathering model components [K
copying file sha256:7a09bf37704ce637d40c52534c7120df18e9e6c70c1f7ff625a7c51e0217e0b1 63% ⠇ [K[?25h[?2026l[?2026h[?25l[A[1Ggathering model components [K
copying file sha256:7a09bf37704ce637d40c52534c7120df18e9e6c70c1f7ff625a7c51e0217e0b1 63% ⠏ [K[?25h[?2026l[?2026h[?25l[A[1Ggathering model components [K
copying file sha256:7a09bf37704ce637d40c52534c7120df18e9e6c70c1f7ff625a7c51e0217e0b1 63% ⠋ [K[?25h[?2026l[?2026h[?25l[A[1Ggathering model components [K
copying file sha256:7a09bf37704ce637d40c52534c7120df18e9e6c70c1f7ff625a7c51e0217e0b1 63% ⠙ [K[?25h[?2026l[?2026h[?25l[A[1Ggathering model components [K
copying file sha256:7a09bf37704ce637d40c52534c7120df18e9e6c70c1f7ff625a7c51e0217e0b1 64% ⠹ [K[?25h[?2026l[?2026h[?25l[A[1Ggathering model components [K
copying file sha256:7a09bf37704ce637d40c52534c7120df18e9e6c70c1f7ff625a7c51e0217e0b1 64% ⠸ [K[?25h[?2026l[?2026h[?25l[A[1Ggathering model components [K
copying file sha256:7a09bf37704ce637d40c52534c7120df18e9e6c70c1f7ff625a7c51e0217e0b1 65% ⠼ [K[?25h[?2026l[?2026h[?25l[A[1Ggathering model components [K
copying file sha256:7a09bf37704ce637d40c52534c7120df18e9e6c70c1f7ff625a7c51e0217e0b1 65% ⠴ [K[?25h[?2026l[?2026h[?25l[A[1Ggathering model components [K
copying file sha256:7a09bf37704ce637d40c52534c7120df18e9e6c70c1f7ff625a7c51e0217e0b1 65% ⠦ [K[?25h[?2026l[?2026h[?25l[A[1Ggathering model components [K
copying file sha256:7a09bf37704ce637d40c52534c7120df18e9e6c70c1f7ff625a7c51e0217e0b1 66% ⠧ [K[?25h[?2026l[?2026h[?25l[A[1Ggathering model components [K
copying file sha256:7a09bf37704ce637d40c52534c7120df18e9e6c70c1f7ff625a7c51e0217e0b1 66% ⠇ [K[?25h[?2026l[?2026h[?25l[A[1Ggathering model components [K
copying file sha256:7a09bf37704ce637d40c52534c7120df18e9e6c70c1f7ff625a7c51e0217e0b1 66% ⠏ [K[?25h[?2026l[?2026h[?25l[A[1Ggathering model components [K
copying file sha256:7a09bf37704ce637d40c52534c7120df18e9e6c70c1f7ff625a7c51e0217e0b1 67% ⠋ [K[?25h[?2026l[?2026h[?25l[A[1Ggathering model components [K
copying file sha256:7a09bf37704ce637d40c52534c7120df18e9e6c70c1f7ff625a7c51e0217e0b1 67% ⠙ [K[?25h[?2026l[?2026h[?25l[A[1Ggathering model components [K
copying file sha256:7a09bf37704ce637d40c52534c7120df18e9e6c70c1f7ff625a7c51e0217e0b1 68% ⠹ [K[?25h[?2026l[?2026h[?25l[A[1Ggathering model components [K
copying file sha256:7a09bf37704ce637d40c52534c7120df18e9e6c70c1f7ff625a7c51e0217e0b1 68% ⠸ [K[?25h[?2026l[?2026h[?25l[A[1Ggathering model components [K
copying file sha256:7a09bf37704ce637d40c52534c7120df18e9e6c70c1f7ff625a7c51e0217e0b1 68% ⠼ [K[?25h[?2026l[?2026h[?25l[A[1Ggathering model components [K
copying file sha256:7a09bf37704ce637d40c52534c7120df18e9e6c70c1f7ff625a7c51e0217e0b1 69% ⠴ [K[?25h[?2026l[?2026h[?25l[A[1Ggathering model components [K
copying file sha256:7a09bf37704ce637d40c52534c7120df18e9e6c70c1f7ff625a7c51e0217e0b1 69% ⠦ [K[?25h[?2026l[?2026h[?25l[A[1Ggathering model components [K
copying file sha256:7a09bf37704ce637d40c52534c7120df18e9e6c70c1f7ff625a7c51e0217e0b1 69% ⠧ [K[?25h[?2026l[?2026h[?25l[A[1Ggathering model components [K
copying file sha256:7a09bf37704ce637d40c52534c7120df18e9e6c70c1f7ff625a7c51e0217e0b1 70% ⠇ [K[?25h[?2026l[?2026h[?25l[A[1Ggathering model components [K
copying file sha256:7a09bf37704ce637d40c52534c7120df18e9e6c70c1f7ff625a7c51e0217e0b1 70% ⠏ [K[?25h[?2026l[?2026h[?25l[A[1Ggathering model components [K
copying file sha256:7a09bf37704ce637d40c52534c7120df18e9e6c70c1f7ff625a7c51e0217e0b1 70% ⠋ [K[?25h[?2026l[?2026h[?25l[A[1Ggathering model components [K
copying file sha256:7a09bf37704ce637d40c52534c7120df18e9e6c70c1f7ff625a7c51e0217e0b1 71% ⠙ [K[?25h[?2026l[?2026h[?25l[A[1Ggathering model components [K
copying file sha256:7a09bf37704ce637d40c52534c7120df18e9e6c70c1f7ff625a7c51e0217e0b1 71% ⠹ [K[?25h[?2026l[?2026h[?25l[A[1Ggathering model components [K
copying file sha256:7a09bf37704ce637d40c52534c7120df18e9e6c70c1f7ff625a7c51e0217e0b1 71% ⠸ [K[?25h[?2026l[?2026h[?25l[A[1Ggathering model components [K
copying file sha256:7a09bf37704ce637d40c52534c7120df18e9e6c70c1f7ff625a7c51e0217e0b1 72% ⠼ [K[?25h[?2026l[?2026h[?25l[A[1Ggathering model components [K
copying file sha256:7a09bf37704ce637d40c52534c7120df18e9e6c70c1f7ff625a7c51e0217e0b1 72% ⠴ [K[?25h[?2026l[?2026h[?25l[A[1Ggathering model components [K
copying file sha256:7a09bf37704ce637d40c52534c7120df18e9e6c70c1f7ff625a7c51e0217e0b1 73% ⠦ [K[?25h[?2026l[?2026h[?25l[A[1Ggathering model components [K
copying file sha256:7a09bf37704ce637d40c52534c7120df18e9e6c70c1f7ff625a7c51e0217e0b1 73% ⠧ [K[?25h[?2026l[?2026h[?25l[A[1Ggathering model components [K
copying file sha256:7a09bf37704ce637d40c52534c7120df18e9e6c70c1f7ff625a7c51e0217e0b1 73% ⠇ [K[?25h[?2026l[?2026h[?25l[A[1Ggathering model components [K
copying file sha256:7a09bf37704ce637d40c52534c7120df18e9e6c70c1f7ff625a7c51e0217e0b1 74% ⠏ [K[?25h[?2026l[?2026h[?25l[A[1Ggathering model components [K
copying file sha256:7a09bf37704ce637d40c52534c7120df18e9e6c70c1f7ff625a7c51e0217e0b1 74% ⠋ [K[?25h[?2026l[?2026h[?25l[A[1Ggathering model components [K
copying file sha256:7a09bf37704ce637d40c52534c7120df18e9e6c70c1f7ff625a7c51e0217e0b1 74% ⠙ [K[?25h[?2026l[?2026h[?25l[A[1Ggathering model components [K
copying file sha256:7a09bf37704ce637d40c52534c7120df18e9e6c70c1f7ff625a7c51e0217e0b1 75% ⠹ [K[?25h[?2026l[?2026h[?25l[A[1Ggathering model components [K
copying file sha256:7a09bf37704ce637d40c52534c7120df18e9e6c70c1f7ff625a7c51e0217e0b1 75% ⠸ [K[?25h[?2026l[?2026h[?25l[A[1Ggathering model components [K
copying file sha256:7a09bf37704ce637d40c52534c7120df18e9e6c70c1f7ff625a7c51e0217e0b1 76% ⠼ [K[?25h[?2026l[?2026h[?25l[A[1Ggathering model components [K
copying file sha256:7a09bf37704ce637d40c52534c7120df18e9e6c70c1f7ff625a7c51e0217e0b1 76% ⠴ [K[?25h[?2026l[?2026h[?25l[A[1Ggathering model components [K
copying file sha256:7a09bf37704ce637d40c52534c7120df18e9e6c70c1f7ff625a7c51e0217e0b1 76% ⠦ [K[?25h[?2026l[?2026h[?25l[A[1Ggathering model components [K
copying file sha256:7a09bf37704ce637d40c52534c7120df18e9e6c70c1f7ff625a7c51e0217e0b1 77% ⠧ [K[?25h[?2026l[?2026h[?25l[A[1Ggathering model components [K
copying file sha256:7a09bf37704ce637d40c52534c7120df18e9e6c70c1f7ff625a7c51e0217e0b1 77% ⠇ [K[?25h[?2026l[?2026h[?25l[A[1Ggathering model components [K
copying file sha256:7a09bf37704ce637d40c52534c7120df18e9e6c70c1f7ff625a7c51e0217e0b1 77% ⠏ [K[?25h[?2026l[?2026h[?25l[A[1Ggathering model components [K
copying file sha256:7a09bf37704ce637d40c52534c7120df18e9e6c70c1f7ff625a7c51e0217e0b1 78% ⠋ [K[?25h[?2026l[?2026h[?25l[A[1Ggathering model components [K
copying file sha256:7a09bf37704ce637d40c52534c7120df18e9e6c70c1f7ff625a7c51e0217e0b1 78% ⠙ [K[?25h[?2026l[?2026h[?25l[A[1Ggathering model components [K
copying file sha256:7a09bf37704ce637d40c52534c7120df18e9e6c70c1f7ff625a7c51e0217e0b1 78% ⠹ [K[?25h[?2026l[?2026h[?25l[A[1Ggathering model components [K
copying file sha256:7a09bf37704ce637d40c52534c7120df18e9e6c70c1f7ff625a7c51e0217e0b1 79% ⠸ [K[?25h[?2026l[?2026h[?25l[A[1Ggathering model components [K
copying file sha256:7a09bf37704ce637d40c52534c7120df18e9e6c70c1f7ff625a7c51e0217e0b1 79% ⠼ [K[?25h[?2026l[?2026h[?25l[A[1Ggathering model components [K
copying file sha256:7a09bf37704ce637d40c52534c7120df18e9e6c70c1f7ff625a7c51e0217e0b1 79% ⠴ [K[?25h[?2026l[?2026h[?25l[A[1Ggathering model components [K
copying file sha256:7a09bf37704ce637d40c52534c7120df18e9e6c70c1f7ff625a7c51e0217e0b1 80% ⠦ [K[?25h[?2026l[?2026h[?25l[A[1Ggathering model components [K
copying file sha256:7a09bf37704ce637d40c52534c7120df18e9e6c70c1f7ff625a7c51e0217e0b1 80% ⠧ [K[?25h[?2026l[?2026h[?25l[A[1Ggathering model components [K
copying file sha256:7a09bf37704ce637d40c52534c7120df18e9e6c70c1f7ff625a7c51e0217e0b1 81% ⠇ [K[?25h[?2026l[?2026h[?25l[A[1Ggathering model components [K
copying file sha256:7a09bf37704ce637d40c52534c7120df18e9e6c70c1f7ff625a7c51e0217e0b1 81% ⠏ [K[?25h[?2026l[?2026h[?25l[A[1Ggathering model components [K
copying file sha256:7a09bf37704ce637d40c52534c7120df18e9e6c70c1f7ff625a7c51e0217e0b1 81% ⠋ [K[?25h[?2026l[?2026h[?25l[A[1Ggathering model components [K
copying file sha256:7a09bf37704ce637d40c52534c7120df18e9e6c70c1f7ff625a7c51e0217e0b1 82% ⠙ [K[?25h[?2026l[?2026h[?25l[A[1Ggathering model components [K
copying file sha256:7a09bf37704ce637d40c52534c7120df18e9e6c70c1f7ff625a7c51e0217e0b1 82% ⠹ [K[?25h[?2026l[?2026h[?25l[A[1Ggathering model components [K
copying file sha256:7a09bf37704ce637d40c52534c7120df18e9e6c70c1f7ff625a7c51e0217e0b1 82% ⠸ [K[?25h[?2026l[?2026h[?25l[A[1Ggathering model components [K
copying file sha256:7a09bf37704ce637d40c52534c7120df18e9e6c70c1f7ff625a7c51e0217e0b1 82% ⠼ [K[?25h[?2026l[?2026h[?25l[A[1Ggathering model components [K
copying file sha256:7a09bf37704ce637d40c52534c7120df18e9e6c70c1f7ff625a7c51e0217e0b1 83% ⠴ [K[?25h[?2026l[?2026h[?25l[A[1Ggathering model components [K
copying file sha256:7a09bf37704ce637d40c52534c7120df18e9e6c70c1f7ff625a7c51e0217e0b1 83% ⠦ [K[?25h[?2026l[?2026h[?25l[A[1Ggathering model components [K
copying file sha256:7a09bf37704ce637d40c52534c7120df18e9e6c70c1f7ff625a7c51e0217e0b1 83% ⠧ [K[?25h[?2026l[?2026h[?25l[A[1Ggathering model components [K
copying file sha256:7a09bf37704ce637d40c52534c7120df18e9e6c70c1f7ff625a7c51e0217e0b1 83% ⠇ [K[?25h[?2026l[?2026h[?25l[A[1Ggathering model components [K
copying file sha256:7a09bf37704ce637d40c52534c7120df18e9e6c70c1f7ff625a7c51e0217e0b1 84% ⠏ [K[?25h[?2026l[?2026h[?25l[A[1Ggathering model components [K
copying file sha256:7a09bf37704ce637d40c52534c7120df18e9e6c70c1f7ff625a7c51e0217e0b1 84% ⠋ [K[?25h[?2026l[?2026h[?25l[A[1Ggathering model components [K
copying file sha256:7a09bf37704ce637d40c52534c7120df18e9e6c70c1f7ff625a7c51e0217e0b1 84% ⠙ [K[?25h[?2026l[?2026h[?25l[A[1Ggathering model components [K
copying file sha256:7a09bf37704ce637d40c52534c7120df18e9e6c70c1f7ff625a7c51e0217e0b1 85% ⠹ [K[?25h[?2026l[?2026h[?25l[A[1Ggathering model components [K
copying file sha256:7a09bf37704ce637d40c52534c7120df18e9e6c70c1f7ff625a7c51e0217e0b1 85% ⠸ [K[?25h[?2026l[?2026h[?25l[A[1Ggathering model components [K
copying file sha256:7a09bf37704ce637d40c52534c7120df18e9e6c70c1f7ff625a7c51e0217e0b1 85% ⠼ [K[?25h[?2026l[?2026h[?25l[A[1Ggathering model components [K
copying file sha256:7a09bf37704ce637d40c52534c7120df18e9e6c70c1f7ff625a7c51e0217e0b1 86% ⠴ [K[?25h[?2026l[?2026h[?25l[A[1Ggathering model components [K
copying file sha256:7a09bf37704ce637d40c52534c7120df18e9e6c70c1f7ff625a7c51e0217e0b1 86% ⠦ [K[?25h[?2026l[?2026h[?25l[A[1Ggathering model components [K
copying file sha256:7a09bf37704ce637d40c52534c7120df18e9e6c70c1f7ff625a7c51e0217e0b1 87% ⠧ [K[?25h[?2026l[?2026h[?25l[A[1Ggathering model components [K
copying file sha256:7a09bf37704ce637d40c52534c7120df18e9e6c70c1f7ff625a7c51e0217e0b1 87% ⠇ [K[?25h[?2026l[?2026h[?25l[A[1Ggathering model components [K
copying file sha256:7a09bf37704ce637d40c52534c7120df18e9e6c70c1f7ff625a7c51e0217e0b1 87% ⠏ [K[?25h[?2026l[?2026h[?25l[A[1Ggathering model components [K
copying file sha256:7a09bf37704ce637d40c52534c7120df18e9e6c70c1f7ff625a7c51e0217e0b1 88% ⠋ [K[?25h[?2026l[?2026h[?25l[A[1Ggathering model components [K
copying file sha256:7a09bf37704ce637d40c52534c7120df18e9e6c70c1f7ff625a7c51e0217e0b1 88% ⠙ [K[?25h[?2026l[?2026h[?25l[A[1Ggathering model components [K
copying file sha256:7a09bf37704ce637d40c52534c7120df18e9e6c70c1f7ff625a7c51e0217e0b1 88% ⠹ [K[?25h[?2026l[?2026h[?25l[A[1Ggathering model components [K
copying file sha256:7a09bf37704ce637d40c52534c7120df18e9e6c70c1f7ff625a7c51e0217e0b1 89% ⠸ [K[?25h[?2026l[?2026h[?25l[A[1Ggathering model components [K
copying file sha256:7a09bf37704ce637d40c52534c7120df18e9e6c70c1f7ff625a7c51e0217e0b1 89% ⠼ [K[?25h[?2026l[?2026h[?25l[A[1Ggathering model components [K
copying file sha256:7a09bf37704ce637d40c52534c7120df18e9e6c70c1f7ff625a7c51e0217e0b1 89% ⠴ [K[?25h[?2026l[?2026h[?25l[A[1Ggathering model components [K
copying file sha256:7a09bf37704ce637d40c52534c7120df18e9e6c70c1f7ff625a7c51e0217e0b1 90% ⠦ [K[?25h[?2026l[?2026h[?25l[A[1Ggathering model components [K
copying file sha256:7a09bf37704ce637d40c52534c7120df18e9e6c70c1f7ff625a7c51e0217e0b1 90% ⠧ [K[?25h[?2026l[?2026h[?25l[A[1Ggathering model components [K
copying file sha256:7a09bf37704ce637d40c52534c7120df18e9e6c70c1f7ff625a7c51e0217e0b1 90% ⠇ [K[?25h[?2026l[?2026h[?25l[A[1Ggathering model components [K
copying file sha256:7a09bf37704ce637d40c52534c7120df18e9e6c70c1f7ff625a7c51e0217e0b1 91% ⠏ [K[?25h[?2026l[?2026h[?25l[A[1Ggathering model components [K
copying file sha256:7a09bf37704ce637d40c52534c7120df18e9e6c70c1f7ff625a7c51e0217e0b1 91% ⠋ [K[?25h[?2026l[?2026h[?25l[A[1Ggathering model components [K
copying file sha256:7a09bf37704ce637d40c52534c7120df18e9e6c70c1f7ff625a7c51e0217e0b1 91% ⠙ [K[?25h[?2026l[?2026h[?25l[A[1Ggathering model components [K
copying file sha256:7a09bf37704ce637d40c52534c7120df18e9e6c70c1f7ff625a7c51e0217e0b1 92% ⠹ [K[?25h[?2026l[?2026h[?25l[A[1Ggathering model components [K
copying file sha256:7a09bf37704ce637d40c52534c7120df18e9e6c70c1f7ff625a7c51e0217e0b1 92% ⠸ [K[?25h[?2026l[?2026h[?25l[A[1Ggathering model components [K
copying file sha256:7a09bf37704ce637d40c52534c7120df18e9e6c70c1f7ff625a7c51e0217e0b1 92% ⠼ [K[?25h[?2026l[?2026h[?25l[A[1Ggathering model components [K
copying file sha256:7a09bf37704ce637d40c52534c7120df18e9e6c70c1f7ff625a7c51e0217e0b1 93% ⠴ [K[?25h[?2026l[?2026h[?25l[A[1Ggathering model components [K
copying file sha256:7a09bf37704ce637d40c52534c7120df18e9e6c70c1f7ff625a7c51e0217e0b1 93% ⠦ [K[?25h[?2026l[?2026h[?25l[A[1Ggathering model components [K
copying file sha256:7a09bf37704ce637d40c52534c7120df18e9e6c70c1f7ff625a7c51e0217e0b1 94% ⠧ [K[?25h[?2026l[?2026h[?25l[A[1Ggathering model components [K
copying file sha256:7a09bf37704ce637d40c52534c7120df18e9e6c70c1f7ff625a7c51e0217e0b1 94% ⠇ [K[?25h[?2026l[?2026h[?25l[A[1Ggathering model components [K
copying file sha256:7a09bf37704ce637d40c52534c7120df18e9e6c70c1f7ff625a7c51e0217e0b1 94% ⠏ [K[?25h[?2026l[?2026h[?25l[A[1Ggathering model components [K
copying file sha256:7a09bf37704ce637d40c52534c7120df18e9e6c70c1f7ff625a7c51e0217e0b1 95% ⠋ [K[?25h[?2026l[?2026h[?25l[A[1Ggathering model components [K
copying file sha256:7a09bf37704ce637d40c52534c7120df18e9e6c70c1f7ff625a7c51e0217e0b1 95% ⠙ [K[?25h[?2026l[?2026h[?25l[A[1Ggathering model components [K
copying file sha256:7a09bf37704ce637d40c52534c7120df18e9e6c70c1f7ff625a7c51e0217e0b1 95% ⠹ [K[?25h[?2026l[?2026h[?25l[A[1Ggathering model components [K
copying file sha256:7a09bf37704ce637d40c52534c7120df18e9e6c70c1f7ff625a7c51e0217e0b1 96% ⠸ [K[?25h[?2026l[?2026h[?25l[A[1Ggathering model components [K
copying file sha256:7a09bf37704ce637d40c52534c7120df18e9e6c70c1f7ff625a7c51e0217e0b1 96% ⠼ [K[?25h[?2026l[?2026h[?25l[A[1Ggathering model components [K
copying file sha256:7a09bf37704ce637d40c52534c7120df18e9e6c70c1f7ff625a7c51e0217e0b1 96% ⠴ [K[?25h[?2026l[?2026h[?25l[A[1Ggathering model components [K
copying file sha256:7a09bf37704ce637d40c52534c7120df18e9e6c70c1f7ff625a7c51e0217e0b1 97% ⠦ [K[?25h[?2026l[?2026h[?25l[A[1Ggathering model components [K
copying file sha256:7a09bf37704ce637d40c52534c7120df18e9e6c70c1f7ff625a7c51e0217e0b1 97% ⠧ [K[?25h[?2026l[?2026h[?25l[A[1Ggathering model components [K
copying file sha256:7a09bf37704ce637d40c52534c7120df18e9e6c70c1f7ff625a7c51e0217e0b1 97% ⠇ [K[?25h[?2026l[?2026h[?25l[A[1Ggathering model components [K
copying file sha256:7a09bf37704ce637d40c52534c7120df18e9e6c70c1f7ff625a7c51e0217e0b1 98% ⠏ [K[?25h[?2026l[?2026h[?25l[A[1Ggathering model components [K
copying file sha256:7a09bf37704ce637d40c52534c7120df18e9e6c70c1f7ff625a7c51e0217e0b1 98% ⠋ [K[?25h[?2026l[?2026h[?25l[A[1Ggathering model components [K
copying file sha256:7a09bf37704ce637d40c52534c7120df18e9e6c70c1f7ff625a7c51e0217e0b1 98% ⠙ [K[?25h[?2026l[?2026h[?25l[A[1Ggathering model components [K
copying file sha256:7a09bf37704ce637d40c52534c7120df18e9e6c70c1f7ff625a7c51e0217e0b1 99% ⠹ [K[?25h[?2026l[?2026h[?25l[A[1Ggathering model components [K
copying file sha256:7a09bf37704ce637d40c52534c7120df18e9e6c70c1f7ff625a7c51e0217e0b1 99% ⠸ [K[?25h[?2026l[?2026h[?25l[A[1Ggathering model components [K
copying file sha256:7a09bf37704ce637d40c52534c7120df18e9e6c70c1f7ff625a7c51e0217e0b1 99% ⠼ [K[?25h[?2026l[?2026h[?25l[A[1Ggathering model components [K
copying file sha256:7a09bf37704ce637d40c52534c7120df18e9e6c70c1f7ff625a7c51e0217e0b1 100% [K
parsing GGUF ⠋ [K[?25h[?2026l[?2026h[?25l[A[A[1Ggathering model components [K
copying file sha256:7a09bf37704ce637d40c52534c7120df18e9e6c70c1f7ff625a7c51e0217e0b1 100% [K
parsing GGUF ⠙ [K[?25h[?2026l[?2026h[?25l[A[A[1Ggathering model components [K
copying file sha256:7a09bf37704ce637d40c52534c7120df18e9e6c70c1f7ff625a7c51e0217e0b1 100% [K
parsing GGUF ⠹ [K[?25h[?2026l[?2026h[?25l[A[A[1Ggathering model components [K
copying file sha256:7a09bf37704ce637d40c52534c7120df18e9e6c70c1f7ff625a7c51e0217e0b1 100% [K
parsing GGUF ⠸ [K[?25h[?2026l[?2026h[?25l[A[A[1Ggathering model components [K
copying file sha256:7a09bf37704ce637d40c52534c7120df18e9e6c70c1f7ff625a7c51e0217e0b1 100% [K
parsing GGUF ⠼ [K[?25h[?2026l[?2026h[?25l[A[A[1Ggathering model components [K
copying file sha256:7a09bf37704ce637d40c52534c7120df18e9e6c70c1f7ff625a7c51e0217e0b1 100% [K
parsing GGUF ⠴ [K[?25h[?2026l[?2026h[?25l[A[A[1Ggathering model components [K
copying file sha256:7a09bf37704ce637d40c52534c7120df18e9e6c70c1f7ff625a7c51e0217e0b1 100% [K
parsing GGUF ⠦ [K[?25h[?2026l[?2026h[?25l[A[A[1Ggathering model components [K
copying file sha256:7a09bf37704ce637d40c52534c7120df18e9e6c70c1f7ff625a7c51e0217e0b1 100% [K
parsing GGUF ⠧ [K[?25h[?2026l[?2026h[?25l[A[A[1Ggathering model components [K
copying file sha256:7a09bf37704ce637d40c52534c7120df18e9e6c70c1f7ff625a7c51e0217e0b1 100% [K
parsing GGUF ⠇ [K[?25h[?2026l[?2026h[?25l[A[A[1Ggathering model components [K
copying file sha256:7a09bf37704ce637d40c52534c7120df18e9e6c70c1f7ff625a7c51e0217e0b1 100% [K
parsing GGUF ⠏ [K[?25h[?2026l[?2026h[?25l[A[A[1Ggathering model components [K
copying file sha256:7a09bf37704ce637d40c52534c7120df18e9e6c70c1f7ff625a7c51e0217e0b1 100% [K
parsing GGUF ⠋ [K[?25h[?2026l[?2026h[?25l[A[A[1Ggathering model components [K
copying file sha256:7a09bf37704ce637d40c52534c7120df18e9e6c70c1f7ff625a7c51e0217e0b1 100% [K
parsing GGUF ⠙ [K[?25h[?2026l[?2026h[?25l[A[A[1Ggathering model components [K
copying file sha256:7a09bf37704ce637d40c52534c7120df18e9e6c70c1f7ff625a7c51e0217e0b1 100% [K
parsing GGUF ⠹ [K[?25h[?2026l[?2026h[?25l[A[A[1Ggathering model components [K
copying file sha256:7a09bf37704ce637d40c52534c7120df18e9e6c70c1f7ff625a7c51e0217e0b1 100% [K
parsing GGUF ⠸ [K[?25h[?2026l[?2026h[?25l[A[A[1Ggathering model components [K
copying file sha256:7a09bf37704ce637d40c52534c7120df18e9e6c70c1f7ff625a7c51e0217e0b1 100% [K
parsing GGUF ⠼ [K[?25h[?2026l[?2026h[?25l[A[A[1Ggathering model components [K
copying file sha256:7a09bf37704ce637d40c52534c7120df18e9e6c70c1f7ff625a7c51e0217e0b1 100% [K
parsing GGUF ⠴ [K[?25h[?2026l[?2026h[?25l[A[A[1Ggathering model components [K
copying file sha256:7a09bf37704ce637d40c52534c7120df18e9e6c70c1f7ff625a7c51e0217e0b1 100% [K
parsing GGUF ⠦ [K[?25h[?2026l[?2026h[?25l[A[A[1Ggathering model components [K
copying file sha256:7a09bf37704ce637d40c52534c7120df18e9e6c70c1f7ff625a7c51e0217e0b1 100% [K
parsing GGUF ⠧ [K[?25h[?2026l[?2026h[?25l[A[A[1Ggathering model components [K
copying file sha256:7a09bf37704ce637d40c52534c7120df18e9e6c70c1f7ff625a7c51e0217e0b1 100% [K
parsing GGUF ⠇ [K[?25h[?2026l[?2026h[?25l[A[A[1Ggathering model components [K
copying file sha256:7a09bf37704ce637d40c52534c7120df18e9e6c70c1f7ff625a7c51e0217e0b1 100% [K
parsing GGUF ⠏ [K[?25h[?2026l[?2026h[?25l[A[A[1Ggathering model components [K
copying file sha256:7a09bf37704ce637d40c52534c7120df18e9e6c70c1f7ff625a7c51e0217e0b1 100% [K
parsing GGUF ⠋ [K[?25h[?2026l[?2026h[?25l[A[A[1Ggathering model components [K
copying file sha256:7a09bf37704ce637d40c52534c7120df18e9e6c70c1f7ff625a7c51e0217e0b1 100% [K
parsing GGUF ⠙ [K[?25h[?2026l[?2026h[?25l[A[A[1Ggathering model components [K
copying file sha256:7a09bf37704ce637d40c52534c7120df18e9e6c70c1f7ff625a7c51e0217e0b1 100% [K
parsing GGUF ⠹ [K[?25h[?2026l[?2026h[?25l[A[A[1Ggathering model components [K
copying file sha256:7a09bf37704ce637d40c52534c7120df18e9e6c70c1f7ff625a7c51e0217e0b1 100% [K
parsing GGUF ⠸ [K[?25h[?2026l[?2026h[?25l[A[A[1Ggathering model components [K
copying file sha256:7a09bf37704ce637d40c52534c7120df18e9e6c70c1f7ff625a7c51e0217e0b1 100% [K
parsing GGUF ⠼ [K[?25h[?2026l[?2026h[?25l[A[A[1Ggathering model components [K
copying file sha256:7a09bf37704ce637d40c52534c7120df18e9e6c70c1f7ff625a7c51e0217e0b1 100% [K
parsing GGUF ⠴ [K[?25h[?2026l[?2026h[?25l[A[A[1Ggathering model components [K
copying file sha256:7a09bf37704ce637d40c52534c7120df18e9e6c70c1f7ff625a7c51e0217e0b1 100% [K
parsing GGUF ⠦ [K[?25h[?2026l[?2026h[?25l[A[A[1Ggathering model components [K
copying file sha256:7a09bf37704ce637d40c52534c7120df18e9e6c70c1f7ff625a7c51e0217e0b1 100% [K
parsing GGUF ⠧ [K[?25h[?2026l[?2026h[?25l[A[A[1Ggathering model components [K
copying file sha256:7a09bf37704ce637d40c52534c7120df18e9e6c70c1f7ff625a7c51e0217e0b1 100% [K
parsing GGUF ⠇ [K[?25h[?2026l[?2026h[?25l[A[A[1Ggathering model components [K
copying file sha256:7a09bf37704ce637d40c52534c7120df18e9e6c70c1f7ff625a7c51e0217e0b1 100% [K
parsing GGUF ⠏ [K[?25h[?2026l[?2026h[?25l[A[A[1Ggathering model components [K
copying file sha256:7a09bf37704ce637d40c52534c7120df18e9e6c70c1f7ff625a7c51e0217e0b1 100% [K
parsing GGUF ⠋ [K[?25h[?2026l[?2026h[?25l[A[A[1Ggathering model components [K
copying file sha256:7a09bf37704ce637d40c52534c7120df18e9e6c70c1f7ff625a7c51e0217e0b1 100% [K
parsing GGUF ⠙ [K[?25h[?2026l[?2026h[?25l[A[A[1Ggathering model components [K
copying file sha256:7a09bf37704ce637d40c52534c7120df18e9e6c70c1f7ff625a7c51e0217e0b1 100% [K
parsing GGUF ⠹ [K[?25h[?2026l[?2026h[?25l[A[A[1Ggathering model components [K
copying file sha256:7a09bf37704ce637d40c52534c7120df18e9e6c70c1f7ff625a7c51e0217e0b1 100% [K
parsing GGUF ⠸ [K[?25h[?2026l[?2026h[?25l[A[A[1Ggathering model components [K
copying file sha256:7a09bf37704ce637d40c52534c7120df18e9e6c70c1f7ff625a7c51e0217e0b1 100% [K
parsing GGUF ⠼ [K[?25h[?2026l[?2026h[?25l[A[A[1Ggathering model components [K
copying file sha256:7a09bf37704ce637d40c52534c7120df18e9e6c70c1f7ff625a7c51e0217e0b1 100% [K
parsing GGUF ⠴ [K[?25h[?2026l[?2026h[?25l[A[A[1Ggathering model components [K
copying file sha256:7a09bf37704ce637d40c52534c7120df18e9e6c70c1f7ff625a7c51e0217e0b1 100% [K
parsing GGUF ⠦ [K[?25h[?2026l[?2026h[?25l[A[A[1Ggathering model components [K
copying file sha256:7a09bf37704ce637d40c52534c7120df18e9e6c70c1f7ff625a7c51e0217e0b1 100% [K
parsing GGUF ⠧ [K[?25h[?2026l[?2026h[?25l[A[A[1Ggathering model components [K
copying file sha256:7a09bf37704ce637d40c52534c7120df18e9e6c70c1f7ff625a7c51e0217e0b1 100% [K
parsing GGUF ⠇ [K[?25h[?2026l[?2026h[?25l[A[A[1Ggathering model components [K
copying file sha256:7a09bf37704ce637d40c52534c7120df18e9e6c70c1f7ff625a7c51e0217e0b1 100% [K
parsing GGUF ⠏ [K[?25h[?2026l[?2026h[?25l[A[A[1Ggathering model components [K
copying file sha256:7a09bf37704ce637d40c52534c7120df18e9e6c70c1f7ff625a7c51e0217e0b1 100% [K
parsing GGUF ⠋ [K[?25h[?2026l[?2026h[?25l[A[A[1Ggathering model components [K
copying file sha256:7a09bf37704ce637d40c52534c7120df18e9e6c70c1f7ff625a7c51e0217e0b1 100% [K
parsing GGUF ⠙ [K[?25h[?2026l[?2026h[?25l[A[A[1Ggathering model components [K
copying file sha256:7a09bf37704ce637d40c52534c7120df18e9e6c70c1f7ff625a7c51e0217e0b1 100% [K
parsing GGUF ⠹ [K[?25h[?2026l[?2026h[?25l[A[A[1Ggathering model components [K
copying file sha256:7a09bf37704ce637d40c52534c7120df18e9e6c70c1f7ff625a7c51e0217e0b1 100% [K
parsing GGUF ⠸ [K[?25h[?2026l[?2026h[?25l[A[A[1Ggathering model components [K
copying file sha256:7a09bf37704ce637d40c52534c7120df18e9e6c70c1f7ff625a7c51e0217e0b1 100% [K
parsing GGUF ⠼ [K[?25h[?2026l[?2026h[?25l[A[A[1Ggathering model components [K
copying file sha256:7a09bf37704ce637d40c52534c7120df18e9e6c70c1f7ff625a7c51e0217e0b1 100% [K
parsing GGUF ⠴ [K[?25h[?2026l[?2026h[?25l[A[A[1Ggathering model components [K
copying file sha256:7a09bf37704ce637d40c52534c7120df18e9e6c70c1f7ff625a7c51e0217e0b1 100% [K
parsing GGUF ⠦ [K[?25h[?2026l[?2026h[?25l[A[A[1Ggathering model components [K
copying file sha256:7a09bf37704ce637d40c52534c7120df18e9e6c70c1f7ff625a7c51e0217e0b1 100% [K
parsing GGUF ⠧ [K[?25h[?2026l[?2026h[?25l[A[A[1Ggathering model components [K
copying file sha256:7a09bf37704ce637d40c52534c7120df18e9e6c70c1f7ff625a7c51e0217e0b1 100% [K
parsing GGUF ⠇ [K[?25h[?2026l[?2026h[?25l[A[A[1Ggathering model components [K
copying file sha256:7a09bf37704ce637d40c52534c7120df18e9e6c70c1f7ff625a7c51e0217e0b1 100% [K
parsing GGUF ⠏ [K[?25h[?2026l[?2026h[?25l[A[A[1Ggathering model components [K
copying file sha256:7a09bf37704ce637d40c52534c7120df18e9e6c70c1f7ff625a7c51e0217e0b1 100% [K
parsing GGUF ⠋ [K[?25h[?2026l[?2026h[?25l[A[A[1Ggathering model components [K
copying file sha256:7a09bf37704ce637d40c52534c7120df18e9e6c70c1f7ff625a7c51e0217e0b1 100% [K
parsing GGUF ⠙ [K[?25h[?2026l[?2026h[?25l[A[A[1Ggathering model components [K
copying file sha256:7a09bf37704ce637d40c52534c7120df18e9e6c70c1f7ff625a7c51e0217e0b1 100% [K
parsing GGUF ⠹ [K[?25h[?2026l[?2026h[?25l[A[A[1Ggathering model components [K
copying file sha256:7a09bf37704ce637d40c52534c7120df18e9e6c70c1f7ff625a7c51e0217e0b1 100% [K
parsing GGUF ⠸ [K[?25h[?2026l[?2026h[?25l[A[A[1Ggathering model components [K
copying file sha256:7a09bf37704ce637d40c52534c7120df18e9e6c70c1f7ff625a7c51e0217e0b1 100% [K
parsing GGUF ⠼ [K[?25h[?2026l[?2026h[?25l[A[A[1Ggathering model components [K
copying file sha256:7a09bf37704ce637d40c52534c7120df18e9e6c70c1f7ff625a7c51e0217e0b1 100% [K
parsing GGUF ⠴ [K[?25h[?2026l[?2026h[?25l[A[A[1Ggathering model components [K
copying file sha256:7a09bf37704ce637d40c52534c7120df18e9e6c70c1f7ff625a7c51e0217e0b1 100% [K
parsing GGUF ⠦ [K[?25h[?2026l[?2026h[?25l[A[A[1Ggathering model components [K
copying file sha256:7a09bf37704ce637d40c52534c7120df18e9e6c70c1f7ff625a7c51e0217e0b1 100% [K
parsing GGUF ⠧ [K[?25h[?2026l[?2026h[?25l[A[A[1Ggathering model components [K
copying file sha256:7a09bf37704ce637d40c52534c7120df18e9e6c70c1f7ff625a7c51e0217e0b1 100% [K
parsing GGUF ⠇ [K[?25h[?2026l[?2026h[?25l[A[A[1Ggathering model components [K
copying file sha256:7a09bf37704ce637d40c52534c7120df18e9e6c70c1f7ff625a7c51e0217e0b1 100% [K
parsing GGUF ⠏ [K[?25h[?2026l[?2026h[?25l[A[A[1Ggathering model components [K
copying file sha256:7a09bf37704ce637d40c52534c7120df18e9e6c70c1f7ff625a7c51e0217e0b1 100% [K
parsing GGUF ⠋ [K[?25h[?2026l[?2026h[?25l[A[A[1Ggathering model components [K
copying file sha256:7a09bf37704ce637d40c52534c7120df18e9e6c70c1f7ff625a7c51e0217e0b1 100% [K
parsing GGUF ⠙ [K[?25h[?2026l[?2026h[?25l[A[A[1Ggathering model components [K
copying file sha256:7a09bf37704ce637d40c52534c7120df18e9e6c70c1f7ff625a7c51e0217e0b1 100% [K
parsing GGUF ⠹ [K[?25h[?2026l[?2026h[?25l[A[A[1Ggathering model components [K
copying file sha256:7a09bf37704ce637d40c52534c7120df18e9e6c70c1f7ff625a7c51e0217e0b1 100% [K
parsing GGUF ⠸ [K[?25h[?2026l[?2026h[?25l[A[A[1Ggathering model components [K
copying file sha256:7a09bf37704ce637d40c52534c7120df18e9e6c70c1f7ff625a7c51e0217e0b1 100% [K
parsing GGUF ⠼ [K[?25h[?2026l[?2026h[?25l[A[A[1Ggathering model components [K
copying file sha256:7a09bf37704ce637d40c52534c7120df18e9e6c70c1f7ff625a7c51e0217e0b1 100% [K
parsing GGUF ⠴ [K[?25h[?2026l[?2026h[?25l[A[A[1Ggathering model components [K
copying file sha256:7a09bf37704ce637d40c52534c7120df18e9e6c70c1f7ff625a7c51e0217e0b1 100% [K
parsing GGUF ⠦ [K[?25h[?2026l[?2026h[?25l[A[A[1Ggathering model components [K
copying file sha256:7a09bf37704ce637d40c52534c7120df18e9e6c70c1f7ff625a7c51e0217e0b1 100% [K
parsing GGUF ⠧ [K[?25h[?2026l[?2026h[?25l[A[A[1Ggathering model components [K
copying file sha256:7a09bf37704ce637d40c52534c7120df18e9e6c70c1f7ff625a7c51e0217e0b1 100% [K
parsing GGUF ⠇ [K[?25h[?2026l[?2026h[?25l[A[A[1Ggathering model components [K
copying file sha256:7a09bf37704ce637d40c52534c7120df18e9e6c70c1f7ff625a7c51e0217e0b1 100% [K
parsing GGUF ⠏ [K[?25h[?2026l[?2026h[?25l[A[A[1Ggathering model components [K
copying file sha256:7a09bf37704ce637d40c52534c7120df18e9e6c70c1f7ff625a7c51e0217e0b1 100% [K
parsing GGUF ⠋ [K[?25h[?2026l[?2026h[?25l[A[A[1Ggathering model components [K
copying file sha256:7a09bf37704ce637d40c52534c7120df18e9e6c70c1f7ff625a7c51e0217e0b1 100% [K
parsing GGUF ⠙ [K[?25h[?2026l[?2026h[?25l[A[A[1Ggathering model components [K
copying file sha256:7a09bf37704ce637d40c52534c7120df18e9e6c70c1f7ff625a7c51e0217e0b1 100% [K
parsing GGUF ⠹ [K[?25h[?2026l[?2026h[?25l[A[A[1Ggathering model components [K
copying file sha256:7a09bf37704ce637d40c52534c7120df18e9e6c70c1f7ff625a7c51e0217e0b1 100% [K
parsing GGUF ⠸ [K[?25h[?2026l[?2026h[?25l[A[A[1Ggathering model components [K
copying file sha256:7a09bf37704ce637d40c52534c7120df18e9e6c70c1f7ff625a7c51e0217e0b1 100% [K
parsing GGUF ⠼ [K[?25h[?2026l[?2026h[?25l[A[A[1Ggathering model components [K
copying file sha256:7a09bf37704ce637d40c52534c7120df18e9e6c70c1f7ff625a7c51e0217e0b1 100% [K
parsing GGUF ⠴ [K[?25h[?2026l[?2026h[?25l[A[A[1Ggathering model components [K
copying file sha256:7a09bf37704ce637d40c52534c7120df18e9e6c70c1f7ff625a7c51e0217e0b1 100% [K
parsing GGUF ⠦ [K[?25h[?2026l[?2026h[?25l[A[A[1Ggathering model components [K
copying file sha256:7a09bf37704ce637d40c52534c7120df18e9e6c70c1f7ff625a7c51e0217e0b1 100% [K
parsing GGUF ⠧ [K[?25h[?2026l[?2026h[?25l[A[A[1Ggathering model components [K
copying file sha256:7a09bf37704ce637d40c52534c7120df18e9e6c70c1f7ff625a7c51e0217e0b1 100% [K
parsing GGUF ⠇ [K[?25h[?2026l[?2026h[?25l[A[A[1Ggathering model components [K
copying file sha256:7a09bf37704ce637d40c52534c7120df18e9e6c70c1f7ff625a7c51e0217e0b1 100% [K
parsing GGUF ⠏ [K[?25h[?2026l[?2026h[?25l[A[A[1Ggathering model components [K
copying file sha256:7a09bf37704ce637d40c52534c7120df18e9e6c70c1f7ff625a7c51e0217e0b1 100% [K
parsing GGUF ⠋ [K[?25h[?2026l[?2026h[?25l[A[A[1Ggathering model components [K
copying file sha256:7a09bf37704ce637d40c52534c7120df18e9e6c70c1f7ff625a7c51e0217e0b1 100% [K
parsing GGUF ⠙ [K[?25h[?2026l[?2026h[?25l[A[A[1Ggathering model components [K
copying file sha256:7a09bf37704ce637d40c52534c7120df18e9e6c70c1f7ff625a7c51e0217e0b1 100% [K
parsing GGUF ⠹ [K[?25h[?2026l[?2026h[?25l[A[A[1Ggathering model components [K
copying file sha256:7a09bf37704ce637d40c52534c7120df18e9e6c70c1f7ff625a7c51e0217e0b1 100% [K
parsing GGUF ⠸ [K[?25h[?2026l[?2026h[?25l[A[A[1Ggathering model components [K
copying file sha256:7a09bf37704ce637d40c52534c7120df18e9e6c70c1f7ff625a7c51e0217e0b1 100% [K
parsing GGUF ⠼ [K[?25h[?2026l[?2026h[?25l[A[A[1Ggathering model components [K
copying file sha256:7a09bf37704ce637d40c52534c7120df18e9e6c70c1f7ff625a7c51e0217e0b1 100% [K
parsing GGUF ⠴ [K[?25h[?2026l[?2026h[?25l[A[A[1Ggathering model components [K
copying file sha256:7a09bf37704ce637d40c52534c7120df18e9e6c70c1f7ff625a7c51e0217e0b1 100% [K
parsing GGUF ⠦ [K[?25h[?2026l[?2026h[?25l[A[A[1Ggathering model components [K
copying file sha256:7a09bf37704ce637d40c52534c7120df18e9e6c70c1f7ff625a7c51e0217e0b1 100% [K
parsing GGUF ⠧ [K[?25h[?2026l[?2026h[?25l[A[A[1Ggathering model components [K
copying file sha256:7a09bf37704ce637d40c52534c7120df18e9e6c70c1f7ff625a7c51e0217e0b1 100% [K
parsing GGUF ⠇ [K[?25h[?2026l[?2026h[?25l[A[A[1Ggathering model components [K
copying file sha256:7a09bf37704ce637d40c52534c7120df18e9e6c70c1f7ff625a7c51e0217e0b1 100% [K
parsing GGUF ⠏ [K[?25h[?2026l[?2026h[?25l[A[A[1Ggathering model components [K
copying file sha256:7a09bf37704ce637d40c52534c7120df18e9e6c70c1f7ff625a7c51e0217e0b1 100% [K
parsing GGUF ⠋ [K[?25h[?2026l[?2026h[?25l[A[A[1Ggathering model components [K
copying file sha256:7a09bf37704ce637d40c52534c7120df18e9e6c70c1f7ff625a7c51e0217e0b1 100% [K
parsing GGUF ⠙ [K[?25h[?2026l[?2026h[?25l[A[A[1Ggathering model components [K
copying file sha256:7a09bf37704ce637d40c52534c7120df18e9e6c70c1f7ff625a7c51e0217e0b1 100% [K
parsing GGUF ⠹ [K[?25h[?2026l[?2026h[?25l[A[A[1Ggathering model components [K
copying file sha256:7a09bf37704ce637d40c52534c7120df18e9e6c70c1f7ff625a7c51e0217e0b1 100% [K
parsing GGUF ⠸ [K[?25h[?2026l[?2026h[?25l[A[A[1Ggathering model components [K
copying file sha256:7a09bf37704ce637d40c52534c7120df18e9e6c70c1f7ff625a7c51e0217e0b1 100% [K
parsing GGUF ⠼ [K[?25h[?2026l[?2026h[?25l[A[A[1Ggathering model components [K
copying file sha256:7a09bf37704ce637d40c52534c7120df18e9e6c70c1f7ff625a7c51e0217e0b1 100% [K
parsing GGUF ⠴ [K[?25h[?2026l[?2026h[?25l[A[A[1Ggathering model components [K
copying file sha256:7a09bf37704ce637d40c52534c7120df18e9e6c70c1f7ff625a7c51e0217e0b1 100% [K
parsing GGUF ⠦ [K[?25h[?2026l[?2026h[?25l[A[A[1Ggathering model components [K
copying file sha256:7a09bf37704ce637d40c52534c7120df18e9e6c70c1f7ff625a7c51e0217e0b1 100% [K
parsing GGUF ⠧ [K[?25h[?2026l[?2026h[?25l[A[A[1Ggathering model components [K
copying file sha256:7a09bf37704ce637d40c52534c7120df18e9e6c70c1f7ff625a7c51e0217e0b1 100% [K
parsing GGUF ⠇ [K[?25h[?2026l[?2026h[?25l[A[A[1Ggathering model components [K
copying file sha256:7a09bf37704ce637d40c52534c7120df18e9e6c70c1f7ff625a7c51e0217e0b1 100% [K
parsing GGUF ⠏ [K[?25h[?2026l[?2026h[?25l[A[A[1Ggathering model components [K
copying file sha256:7a09bf37704ce637d40c52534c7120df18e9e6c70c1f7ff625a7c51e0217e0b1 100% [K
parsing GGUF ⠋ [K[?25h[?2026l[?2026h[?25l[A[A[1Ggathering model components [K
copying file sha256:7a09bf37704ce637d40c52534c7120df18e9e6c70c1f7ff625a7c51e0217e0b1 100% [K
parsing GGUF ⠙ [K[?25h[?2026l[?2026h[?25l[A[A[1Ggathering model components [K
copying file sha256:7a09bf37704ce637d40c52534c7120df18e9e6c70c1f7ff625a7c51e0217e0b1 100% [K
parsing GGUF ⠹ [K[?25h[?2026l[?2026h[?25l[A[A[1Ggathering model components [K
copying file sha256:7a09bf37704ce637d40c52534c7120df18e9e6c70c1f7ff625a7c51e0217e0b1 100% [K
parsing GGUF ⠸ [K[?25h[?2026l[?2026h[?25l[A[A[1Ggathering model components [K
copying file sha256:7a09bf37704ce637d40c52534c7120df18e9e6c70c1f7ff625a7c51e0217e0b1 100% [K
parsing GGUF ⠼ [K[?25h[?2026l[?2026h[?25l[A[A[1Ggathering model components [K
copying file sha256:7a09bf37704ce637d40c52534c7120df18e9e6c70c1f7ff625a7c51e0217e0b1 100% [K
parsing GGUF ⠴ [K[?25h[?2026l[?2026h[?25l[A[A[1Ggathering model components [K
copying file sha256:7a09bf37704ce637d40c52534c7120df18e9e6c70c1f7ff625a7c51e0217e0b1 100% [K
parsing GGUF ⠦ [K[?25h[?2026l[?2026h[?25l[A[A[1Ggathering model components [K
copying file sha256:7a09bf37704ce637d40c52534c7120df18e9e6c70c1f7ff625a7c51e0217e0b1 100% [K
parsing GGUF ⠧ [K[?25h[?2026l[?2026h[?25l[A[A[1Ggathering model components [K
copying file sha256:7a09bf37704ce637d40c52534c7120df18e9e6c70c1f7ff625a7c51e0217e0b1 100% [K
parsing GGUF ⠇ [K[?25h[?2026l[?2026h[?25l[A[A[1Ggathering model components [K
copying file sha256:7a09bf37704ce637d40c52534c7120df18e9e6c70c1f7ff625a7c51e0217e0b1 100% [K
parsing GGUF ⠏ [K[?25h[?2026l[?2026h[?25l[A[A[1Ggathering model components [K
copying file sha256:7a09bf37704ce637d40c52534c7120df18e9e6c70c1f7ff625a7c51e0217e0b1 100% [K
parsing GGUF ⠋ [K[?25h[?2026l[?2026h[?25l[A[A[1Ggathering model components [K
copying file sha256:7a09bf37704ce637d40c52534c7120df18e9e6c70c1f7ff625a7c51e0217e0b1 100% [K
parsing GGUF ⠙ [K[?25h[?2026l[?2026h[?25l[A[A[1Ggathering model components [K
copying file sha256:7a09bf37704ce637d40c52534c7120df18e9e6c70c1f7ff625a7c51e0217e0b1 100% [K
parsing GGUF ⠹ [K[?25h[?2026l[?2026h[?25l[A[A[1Ggathering model components [K
copying file sha256:7a09bf37704ce637d40c52534c7120df18e9e6c70c1f7ff625a7c51e0217e0b1 100% [K
parsing GGUF ⠸ [K[?25h[?2026l[?2026h[?25l[A[A[1Ggathering model components [K
copying file sha256:7a09bf37704ce637d40c52534c7120df18e9e6c70c1f7ff625a7c51e0217e0b1 100% [K
parsing GGUF ⠼ [K[?25h[?2026l[?2026h[?25l[A[A[1Ggathering model components [K
copying file sha256:7a09bf37704ce637d40c52534c7120df18e9e6c70c1f7ff625a7c51e0217e0b1 100% [K
parsing GGUF ⠴ [K[?25h[?2026l[?2026h[?25l[A[A[1Ggathering model components [K
copying file sha256:7a09bf37704ce637d40c52534c7120df18e9e6c70c1f7ff625a7c51e0217e0b1 100% [K
parsing GGUF ⠦ [K[?25h[?2026l[?2026h[?25l[A[A[1Ggathering model components [K
copying file sha256:7a09bf37704ce637d40c52534c7120df18e9e6c70c1f7ff625a7c51e0217e0b1 100% [K
parsing GGUF ⠧ [K[?25h[?2026l[?2026h[?25l[A[A[1Ggathering model components [K
copying file sha256:7a09bf37704ce637d40c52534c7120df18e9e6c70c1f7ff625a7c51e0217e0b1 100% [K
parsing GGUF ⠇ [K[?25h[?2026l[?2026h[?25l[A[A[1Ggathering model components [K
copying file sha256:7a09bf37704ce637d40c52534c7120df18e9e6c70c1f7ff625a7c51e0217e0b1 100% [K
parsing GGUF ⠏ [K[?25h[?2026l[?2026h[?25l[A[A[1Ggathering model components [K
copying file sha256:7a09bf37704ce637d40c52534c7120df18e9e6c70c1f7ff625a7c51e0217e0b1 100% [K
parsing GGUF ⠋ [K[?25h[?2026l[?2026h[?25l[A[A[1Ggathering model components [K
copying file sha256:7a09bf37704ce637d40c52534c7120df18e9e6c70c1f7ff625a7c51e0217e0b1 100% [K
parsing GGUF ⠙ [K[?25h[?2026l[?2026h[?25l[A[A[1Ggathering model components [K
copying file sha256:7a09bf37704ce637d40c52534c7120df18e9e6c70c1f7ff625a7c51e0217e0b1 100% [K
parsing GGUF ⠹ [K[?25h[?2026l[?2026h[?25l[A[A[1Ggathering model components [K
copying file sha256:7a09bf37704ce637d40c52534c7120df18e9e6c70c1f7ff625a7c51e0217e0b1 100% [K
parsing GGUF ⠸ [K[?25h[?2026l[?2026h[?25l[A[A[1Ggathering model components [K
copying file sha256:7a09bf37704ce637d40c52534c7120df18e9e6c70c1f7ff625a7c51e0217e0b1 100% [K
parsing GGUF ⠼ [K[?25h[?2026l[?2026h[?25l[A[A[1Ggathering model components [K
copying file sha256:7a09bf37704ce637d40c52534c7120df18e9e6c70c1f7ff625a7c51e0217e0b1 100% [K
parsing GGUF ⠴ [K[?25h[?2026l[?2026h[?25l[A[A[1Ggathering model components [K
copying file sha256:7a09bf37704ce637d40c52534c7120df18e9e6c70c1f7ff625a7c51e0217e0b1 100% [K
parsing GGUF ⠦ [K[?25h[?2026l[?2026h[?25l[A[A[1Ggathering model components [K
copying file sha256:7a09bf37704ce637d40c52534c7120df18e9e6c70c1f7ff625a7c51e0217e0b1 100% [K
parsing GGUF ⠧ [K[?25h[?2026l[?2026h[?25l[A[A[1Ggathering model components [K
copying file sha256:7a09bf37704ce637d40c52534c7120df18e9e6c70c1f7ff625a7c51e0217e0b1 100% [K
parsing GGUF ⠇ [K[?25h[?2026l[?2026h[?25l[A[A[1Ggathering model components [K
copying file sha256:7a09bf37704ce637d40c52534c7120df18e9e6c70c1f7ff625a7c51e0217e0b1 100% [K
parsing GGUF ⠏ [K[?25h[?2026l[?2026h[?25l[A[A[1Ggathering model components [K
copying file sha256:7a09bf37704ce637d40c52534c7120df18e9e6c70c1f7ff625a7c51e0217e0b1 100% [K
parsing GGUF ⠋ [K[?25h[?2026l[?2026h[?25l[A[A[1Ggathering model components [K
copying file sha256:7a09bf37704ce637d40c52534c7120df18e9e6c70c1f7ff625a7c51e0217e0b1 100% [K
parsing GGUF ⠙ [K[?25h[?2026l[?2026h[?25l[A[A[1Ggathering model components [K
copying file sha256:7a09bf37704ce637d40c52534c7120df18e9e6c70c1f7ff625a7c51e0217e0b1 100% [K
parsing GGUF ⠹ [K[?25h[?2026l[?2026h[?25l[A[A[1Ggathering model components [K
copying file sha256:7a09bf37704ce637d40c52534c7120df18e9e6c70c1f7ff625a7c51e0217e0b1 100% [K
parsing GGUF ⠸ [K[?25h[?2026l[?2026h[?25l[A[A[1Ggathering model components [K
copying file sha256:7a09bf37704ce637d40c52534c7120df18e9e6c70c1f7ff625a7c51e0217e0b1 100% [K
parsing GGUF ⠼ [K[?25h[?2026l[?2026h[?25l[A[A[1Ggathering model components [K
copying file sha256:7a09bf37704ce637d40c52534c7120df18e9e6c70c1f7ff625a7c51e0217e0b1 100% [K
parsing GGUF ⠴ [K[?25h[?2026l[?2026h[?25l[A[A[1Ggathering model components [K
copying file sha256:7a09bf37704ce637d40c52534c7120df18e9e6c70c1f7ff625a7c51e0217e0b1 100% [K
parsing GGUF ⠦ [K[?25h[?2026l[?2026h[?25l[A[A[1Ggathering model components [K
copying file sha256:7a09bf37704ce637d40c52534c7120df18e9e6c70c1f7ff625a7c51e0217e0b1 100% [K
parsing GGUF ⠧ [K[?25h[?2026l[?2026h[?25l[A[A[1Ggathering model components [K
copying file sha256:7a09bf37704ce637d40c52534c7120df18e9e6c70c1f7ff625a7c51e0217e0b1 100% [K
parsing GGUF ⠇ [K[?25h[?2026l[?2026h[?25l[A[A[1Ggathering model components [K
copying file sha256:7a09bf37704ce637d40c52534c7120df18e9e6c70c1f7ff625a7c51e0217e0b1 100% [K
parsing GGUF ⠏ [K[?25h[?2026l[?2026h[?25l[A[A[1Ggathering model components [K
copying file sha256:7a09bf37704ce637d40c52534c7120df18e9e6c70c1f7ff625a7c51e0217e0b1 100% [K
parsing GGUF ⠋ [K[?25h[?2026l[?2026h[?25l[A[A[1Ggathering model components [K
copying file sha256:7a09bf37704ce637d40c52534c7120df18e9e6c70c1f7ff625a7c51e0217e0b1 100% [K
parsing GGUF ⠙ [K[?25h[?2026l[?2026h[?25l[A[A[1Ggathering model components [K
copying file sha256:7a09bf37704ce637d40c52534c7120df18e9e6c70c1f7ff625a7c51e0217e0b1 100% [K
parsing GGUF ⠹ [K[?25h[?2026l[?2026h[?25l[A[A[1Ggathering model components [K
copying file sha256:7a09bf37704ce637d40c52534c7120df18e9e6c70c1f7ff625a7c51e0217e0b1 100% [K
parsing GGUF ⠸ [K[?25h[?2026l[?2026h[?25l[A[A[1Ggathering model components [K
copying file sha256:7a09bf37704ce637d40c52534c7120df18e9e6c70c1f7ff625a7c51e0217e0b1 100% [K
parsing GGUF ⠼ [K[?25h[?2026l[?2026h[?25l[A[A[1Ggathering model components [K
copying file sha256:7a09bf37704ce637d40c52534c7120df18e9e6c70c1f7ff625a7c51e0217e0b1 100% [K
parsing GGUF ⠴ [K[?25h[?2026l[?2026h[?25l[A[A[1Ggathering model components [K
copying file sha256:7a09bf37704ce637d40c52534c7120df18e9e6c70c1f7ff625a7c51e0217e0b1 100% [K
parsing GGUF ⠦ [K[?25h[?2026l[?2026h[?25l[A[A[1Ggathering model components [K
copying file sha256:7a09bf37704ce637d40c52534c7120df18e9e6c70c1f7ff625a7c51e0217e0b1 100% [K
parsing GGUF ⠧ [K[?25h[?2026l[?2026h[?25l[A[A[1Ggathering model components [K
copying file sha256:7a09bf37704ce637d40c52534c7120df18e9e6c70c1f7ff625a7c51e0217e0b1 100% [K
parsing GGUF ⠇ [K[?25h[?2026l[?2026h[?25l[A[A[1Ggathering model components [K
copying file sha256:7a09bf37704ce637d40c52534c7120df18e9e6c70c1f7ff625a7c51e0217e0b1 100% [K
parsing GGUF ⠏ [K[?25h[?2026l[?2026h[?25l[A[A[1Ggathering model components [K
copying file sha256:7a09bf37704ce637d40c52534c7120df18e9e6c70c1f7ff625a7c51e0217e0b1 100% [K
parsing GGUF ⠋ [K[?25h[?2026l[?2026h[?25l[A[A[1Ggathering model components [K
copying file sha256:7a09bf37704ce637d40c52534c7120df18e9e6c70c1f7ff625a7c51e0217e0b1 100% [K
parsing GGUF ⠙ [K[?25h[?2026l[?2026h[?25l[A[A[1Ggathering model components [K
copying file sha256:7a09bf37704ce637d40c52534c7120df18e9e6c70c1f7ff625a7c51e0217e0b1 100% [K
parsing GGUF ⠹ [K[?25h[?2026l[?2026h[?25l[A[A[1Ggathering model components [K
copying file sha256:7a09bf37704ce637d40c52534c7120df18e9e6c70c1f7ff625a7c51e0217e0b1 100% [K
parsing GGUF ⠸ [K[?25h[?2026l[?2026h[?25l[A[A[1Ggathering model components [K
copying file sha256:7a09bf37704ce637d40c52534c7120df18e9e6c70c1f7ff625a7c51e0217e0b1 100% [K
parsing GGUF ⠼ [K[?25h[?2026l[?2026h[?25l[A[A[1Ggathering model components [K
copying file sha256:7a09bf37704ce637d40c52534c7120df18e9e6c70c1f7ff625a7c51e0217e0b1 100% [K
parsing GGUF ⠴ [K[?25h[?2026l[?2026h[?25l[A[A[1Ggathering model components [K
copying file sha256:7a09bf37704ce637d40c52534c7120df18e9e6c70c1f7ff625a7c51e0217e0b1 100% [K
parsing GGUF ⠦ [K[?25h[?2026l[?2026h[?25l[A[A[1Ggathering model components [K
copying file sha256:7a09bf37704ce637d40c52534c7120df18e9e6c70c1f7ff625a7c51e0217e0b1 100% [K
parsing GGUF ⠧ [K[?25h[?2026l[?2026h[?25l[A[A[1Ggathering model components [K
copying file sha256:7a09bf37704ce637d40c52534c7120df18e9e6c70c1f7ff625a7c51e0217e0b1 100% [K
parsing GGUF ⠇ [K[?25h[?2026l[?2026h[?25l[A[A[1Ggathering model components [K
copying file sha256:7a09bf37704ce637d40c52534c7120df18e9e6c70c1f7ff625a7c51e0217e0b1 100% [K
parsing GGUF ⠏ [K[?25h[?2026l[?2026h[?25l[A[A[1Ggathering model components [K
copying file sha256:7a09bf37704ce637d40c52534c7120df18e9e6c70c1f7ff625a7c51e0217e0b1 100% [K
parsing GGUF ⠋ [K[?25h[?2026l[?2026h[?25l[A[A[1Ggathering model components [K
copying file sha256:7a09bf37704ce637d40c52534c7120df18e9e6c70c1f7ff625a7c51e0217e0b1 100% [K
parsing GGUF ⠙ [K[?25h[?2026l[?2026h[?25l[A[A[1Ggathering model components [K
copying file sha256:7a09bf37704ce637d40c52534c7120df18e9e6c70c1f7ff625a7c51e0217e0b1 100% [K
parsing GGUF ⠹ [K[?25h[?2026l[?2026h[?25l[A[A[1Ggathering model components [K
copying file sha256:7a09bf37704ce637d40c52534c7120df18e9e6c70c1f7ff625a7c51e0217e0b1 100% [K
parsing GGUF ⠸ [K[?25h[?2026l[?2026h[?25l[A[A[1Ggathering model components [K
copying file sha256:7a09bf37704ce637d40c52534c7120df18e9e6c70c1f7ff625a7c51e0217e0b1 100% [K
parsing GGUF ⠼ [K[?25h[?2026l[?2026h[?25l[A[A[1Ggathering model components [K
copying file sha256:7a09bf37704ce637d40c52534c7120df18e9e6c70c1f7ff625a7c51e0217e0b1 100% [K
parsing GGUF ⠴ [K[?25h[?2026l[?2026h[?25l[A[A[1Ggathering model components [K
copying file sha256:7a09bf37704ce637d40c52534c7120df18e9e6c70c1f7ff625a7c51e0217e0b1 100% [K
parsing GGUF ⠦ [K[?25h[?2026l[?2026h[?25l[A[A[1Ggathering model components [K
copying file sha256:7a09bf37704ce637d40c52534c7120df18e9e6c70c1f7ff625a7c51e0217e0b1 100% [K
parsing GGUF ⠧ [K[?25h[?2026l[?2026h[?25l[A[A[1Ggathering model components [K
copying file sha256:7a09bf37704ce637d40c52534c7120df18e9e6c70c1f7ff625a7c51e0217e0b1 100% [K
parsing GGUF ⠇ [K[?25h[?2026l[?2026h[?25l[A[A[1Ggathering model components [K
copying file sha256:7a09bf37704ce637d40c52534c7120df18e9e6c70c1f7ff625a7c51e0217e0b1 100% [K
parsing GGUF ⠏ [K[?25h[?2026l[?2026h[?25l[A[A[1Ggathering model components [K
copying file sha256:7a09bf37704ce637d40c52534c7120df18e9e6c70c1f7ff625a7c51e0217e0b1 100% [K
parsing GGUF ⠋ [K[?25h[?2026l[?2026h[?25l[A[A[1Ggathering model components [K
copying file sha256:7a09bf37704ce637d40c52534c7120df18e9e6c70c1f7ff625a7c51e0217e0b1 100% [K
parsing GGUF ⠙ [K[?25h[?2026l[?2026h[?25l[A[A[1Ggathering model components [K
copying file sha256:7a09bf37704ce637d40c52534c7120df18e9e6c70c1f7ff625a7c51e0217e0b1 100% [K
parsing GGUF ⠹ [K[?25h[?2026l[?2026h[?25l[A[A[1Ggathering model components [K
copying file sha256:7a09bf37704ce637d40c52534c7120df18e9e6c70c1f7ff625a7c51e0217e0b1 100% [K
parsing GGUF ⠸ [K[?25h[?2026l[?2026h[?25l[A[A[1Ggathering model components [K
copying file sha256:7a09bf37704ce637d40c52534c7120df18e9e6c70c1f7ff625a7c51e0217e0b1 100% [K
parsing GGUF ⠼ [K[?25h[?2026l[?2026h[?25l[A[A[1Ggathering model components [K
copying file sha256:7a09bf37704ce637d40c52534c7120df18e9e6c70c1f7ff625a7c51e0217e0b1 100% [K
parsing GGUF ⠴ [K[?25h[?2026l[?2026h[?25l[A[A[1Ggathering model components [K
copying file sha256:7a09bf37704ce637d40c52534c7120df18e9e6c70c1f7ff625a7c51e0217e0b1 100% [K
parsing GGUF ⠦ [K[?25h[?2026l[?2026h[?25l[A[A[1Ggathering model components [K
copying file sha256:7a09bf37704ce637d40c52534c7120df18e9e6c70c1f7ff625a7c51e0217e0b1 100% [K
parsing GGUF ⠧ [K[?25h[?2026l[?2026h[?25l[A[A[1Ggathering model components [K
copying file sha256:7a09bf37704ce637d40c52534c7120df18e9e6c70c1f7ff625a7c51e0217e0b1 100% [K
parsing GGUF ⠇ [K[?25h[?2026l[?2026h[?25l[A[A[1Ggathering model components [K
copying file sha256:7a09bf37704ce637d40c52534c7120df18e9e6c70c1f7ff625a7c51e0217e0b1 100% [K
parsing GGUF ⠏ [K[?25h[?2026l[?2026h[?25l[A[A[1Ggathering model components [K
copying file sha256:7a09bf37704ce637d40c52534c7120df18e9e6c70c1f7ff625a7c51e0217e0b1 100% [K
parsing GGUF ⠋ [K[?25h[?2026l[?2026h[?25l[A[A[1Ggathering model components [K
copying file sha256:7a09bf37704ce637d40c52534c7120df18e9e6c70c1f7ff625a7c51e0217e0b1 100% [K
parsing GGUF ⠙ [K[?25h[?2026l[?2026h[?25l[A[A[1Ggathering model components [K
copying file sha256:7a09bf37704ce637d40c52534c7120df18e9e6c70c1f7ff625a7c51e0217e0b1 100% [K
parsing GGUF ⠹ [K[?25h[?2026l[?2026h[?25l[A[A[1Ggathering model components [K
copying file sha256:7a09bf37704ce637d40c52534c7120df18e9e6c70c1f7ff625a7c51e0217e0b1 100% [K
parsing GGUF ⠸ [K[?25h[?2026l[?2026h[?25l[A[A[1Ggathering model components [K
copying file sha256:7a09bf37704ce637d40c52534c7120df18e9e6c70c1f7ff625a7c51e0217e0b1 100% [K
parsing GGUF ⠼ [K[?25h[?2026l[?2026h[?25l[A[A[1Ggathering model components [K
copying file sha256:7a09bf37704ce637d40c52534c7120df18e9e6c70c1f7ff625a7c51e0217e0b1 100% [K
parsing GGUF ⠴ [K[?25h[?2026l[?2026h[?25l[A[A[1Ggathering model components [K
copying file sha256:7a09bf37704ce637d40c52534c7120df18e9e6c70c1f7ff625a7c51e0217e0b1 100% [K
parsing GGUF ⠦ [K[?25h[?2026l[?2026h[?25l[A[A[1Ggathering model components [K
copying file sha256:7a09bf37704ce637d40c52534c7120df18e9e6c70c1f7ff625a7c51e0217e0b1 100% [K
parsing GGUF ⠧ [K[?25h[?2026l[?2026h[?25l[A[A[1Ggathering model components [K
copying file sha256:7a09bf37704ce637d40c52534c7120df18e9e6c70c1f7ff625a7c51e0217e0b1 100% [K
parsing GGUF ⠇ [K[?25h[?2026l[?2026h[?25l[A[A[1Ggathering model components [K
copying file sha256:7a09bf37704ce637d40c52534c7120df18e9e6c70c1f7ff625a7c51e0217e0b1 100% [K
parsing GGUF ⠏ [K[?25h[?2026l[?2026h[?25l[A[A[1Ggathering model components [K
copying file sha256:7a09bf37704ce637d40c52534c7120df18e9e6c70c1f7ff625a7c51e0217e0b1 100% [K
parsing GGUF ⠋ [K[?25h[?2026l[?2026h[?25l[A[A[1Ggathering model components [K
copying file sha256:7a09bf37704ce637d40c52534c7120df18e9e6c70c1f7ff625a7c51e0217e0b1 100% [K
parsing GGUF ⠙ [K[?25h[?2026l[?2026h[?25l[A[A[1Ggathering model components [K
copying file sha256:7a09bf37704ce637d40c52534c7120df18e9e6c70c1f7ff625a7c51e0217e0b1 100% [K
parsing GGUF ⠹ [K[?25h[?2026l[?2026h[?25l[A[A[1Ggathering model components [K
copying file sha256:7a09bf37704ce637d40c52534c7120df18e9e6c70c1f7ff625a7c51e0217e0b1 100% [K
parsing GGUF ⠸ [K[?25h[?2026l[?2026h[?25l[A[A[1Ggathering model components [K
copying file sha256:7a09bf37704ce637d40c52534c7120df18e9e6c70c1f7ff625a7c51e0217e0b1 100% [K
parsing GGUF ⠼ [K[?25h[?2026l[?2026h[?25l[A[A[1Ggathering model components [K
copying file sha256:7a09bf37704ce637d40c52534c7120df18e9e6c70c1f7ff625a7c51e0217e0b1 100% [K
parsing GGUF ⠴ [K[?25h[?2026l[?2026h[?25l[A[A[1Ggathering model components [K
copying file sha256:7a09bf37704ce637d40c52534c7120df18e9e6c70c1f7ff625a7c51e0217e0b1 100% [K
parsing GGUF ⠦ [K[?25h[?2026l[?2026h[?25l[A[A[1Ggathering model components [K
copying file sha256:7a09bf37704ce637d40c52534c7120df18e9e6c70c1f7ff625a7c51e0217e0b1 100% [K
parsing GGUF ⠧ [K[?25h[?2026l[?2026h[?25l[A[A[1Ggathering model components [K
copying file sha256:7a09bf37704ce637d40c52534c7120df18e9e6c70c1f7ff625a7c51e0217e0b1 100% [K
parsing GGUF ⠇ [K[?25h[?2026l[?2026h[?25l[A[A[1Ggathering model components [K
copying file sha256:7a09bf37704ce637d40c52534c7120df18e9e6c70c1f7ff625a7c51e0217e0b1 100% [K
parsing GGUF ⠏ [K[?25h[?2026l[?2026h[?25l[A[A[1Ggathering model components [K
copying file sha256:7a09bf37704ce637d40c52534c7120df18e9e6c70c1f7ff625a7c51e0217e0b1 100% [K
parsing GGUF ⠋ [K[?25h[?2026l[?2026h[?25l[A[A[1Ggathering model components [K
copying file sha256:7a09bf37704ce637d40c52534c7120df18e9e6c70c1f7ff625a7c51e0217e0b1 100% [K
parsing GGUF ⠙ [K[?25h[?2026l[?2026h[?25l[A[A[1Ggathering model components [K
copying file sha256:7a09bf37704ce637d40c52534c7120df18e9e6c70c1f7ff625a7c51e0217e0b1 100% [K
parsing GGUF ⠹ [K[?25h[?2026l[?2026h[?25l[A[A[1Ggathering model components [K
copying file sha256:7a09bf37704ce637d40c52534c7120df18e9e6c70c1f7ff625a7c51e0217e0b1 100% [K
parsing GGUF [K
verifying conversion ⠋ [K[?25h[?2026l[?2026h[?25l[A[A[A[1Ggathering model components [K
copying file sha256:7a09bf37704ce637d40c52534c7120df18e9e6c70c1f7ff625a7c51e0217e0b1 100% [K
parsing GGUF [K
verifying conversion ⠙ [K[?25h[?2026l[?2026h[?25l[A[A[A[1Ggathering model components [K
copying file sha256:7a09bf37704ce637d40c52534c7120df18e9e6c70c1f7ff625a7c51e0217e0b1 100% [K
parsing GGUF [K
verifying conversion ⠹ [K[?25h[?2026l[?2026h[?25l[A[A[A[1Ggathering model components [K
copying file sha256:7a09bf37704ce637d40c52534c7120df18e9e6c70c1f7ff625a7c51e0217e0b1 100% [K
parsing GGUF [K
verifying conversion ⠸ [K[?25h[?2026l[?2026h[?25l[A[A[A[1Ggathering model components [K
copying file sha256:7a09bf37704ce637d40c52534c7120df18e9e6c70c1f7ff625a7c51e0217e0b1 100% [K
parsing GGUF [K
verifying conversion ⠼ [K[?25h[?2026l[?2026h[?25l[A[A[A[1Ggathering model components [K
copying file sha256:7a09bf37704ce637d40c52534c7120df18e9e6c70c1f7ff625a7c51e0217e0b1 100% [K
parsing GGUF [K
verifying conversion ⠴ [K[?25h[?2026l[?2026h[?25l[A[A[A[1Ggathering model components [K
copying file sha256:7a09bf37704ce637d40c52534c7120df18e9e6c70c1f7ff625a7c51e0217e0b1 100% [K
parsing GGUF [K
verifying conversion ⠦ [K[?25h[?2026l[?2026h[?25l[A[A[A[1Ggathering model components [K
copying file sha256:7a09bf37704ce637d40c52534c7120df18e9e6c70c1f7ff625a7c51e0217e0b1 100% [K
parsing GGUF [K
verifying conversion ⠧ [K[?25h[?2026l[?2026h[?25l[A[A[A[1Ggathering model components [K
copying file sha256:7a09bf37704ce637d40c52534c7120df18e9e6c70c1f7ff625a7c51e0217e0b1 100% [K
parsing GGUF [K
verifying conversion ⠇ [K[?25h[?2026l[?2026h[?25l[A[A[A[1Ggathering model components [K
copying file sha256:7a09bf37704ce637d40c52534c7120df18e9e6c70c1f7ff625a7c51e0217e0b1 100% [K
parsing GGUF [K
verifying conversion ⠏ [K[?25h[?2026l[?2026h[?25l[A[A[A[1Ggathering model components [K
copying file sha256:7a09bf37704ce637d40c52534c7120df18e9e6c70c1f7ff625a7c51e0217e0b1 100% [K
parsing GGUF [K
verifying conversion ⠋ [K[?25h[?2026l[?2026h[?25l[A[A[A[1Ggathering model components [K
copying file sha256:7a09bf37704ce637d40c52534c7120df18e9e6c70c1f7ff625a7c51e0217e0b1 100% [K
parsing GGUF [K
verifying conversion ⠙ [K[?25h[?2026l[?2026h[?25l[A[A[A[1Ggathering model components [K
copying file sha256:7a09bf37704ce637d40c52534c7120df18e9e6c70c1f7ff625a7c51e0217e0b1 100% [K
parsing GGUF [K
verifying conversion ⠹ [K[?25h[?2026l[?2026h[?25l[A[A[A[1Ggathering model components [K
copying file sha256:7a09bf37704ce637d40c52534c7120df18e9e6c70c1f7ff625a7c51e0217e0b1 100% [K
parsing GGUF [K
verifying conversion ⠸ [K[?25h[?2026l[?2026h[?25l[A[A[A[1Ggathering model components [K
copying file sha256:7a09bf37704ce637d40c52534c7120df18e9e6c70c1f7ff625a7c51e0217e0b1 100% [K
parsing GGUF [K
verifying conversion ⠼ [K[?25h[?2026l[?2026h[?25l[A[A[A[1Ggathering model components [K
copying file sha256:7a09bf37704ce637d40c52534c7120df18e9e6c70c1f7ff625a7c51e0217e0b1 100% [K
parsing GGUF [K
verifying conversion ⠴ [K[?25h[?2026l[?2026h[?25l[A[A[A[1Ggathering model components [K
copying file sha256:7a09bf37704ce637d40c52534c7120df18e9e6c70c1f7ff625a7c51e0217e0b1 100% [K
parsing GGUF [K
verifying conversion ⠦ [K[?25h[?2026l[?2026h[?25l[A[A[A[1Ggathering model components [K
copying file sha256:7a09bf37704ce637d40c52534c7120df18e9e6c70c1f7ff625a7c51e0217e0b1 100% [K
parsing GGUF [K
verifying conversion ⠧ [K[?25h[?2026l[?2026h[?25l[A[A[A[1Ggathering model components [K
copying file sha256:7a09bf37704ce637d40c52534c7120df18e9e6c70c1f7ff625a7c51e0217e0b1 100% [K
parsing GGUF [K
verifying conversion ⠇ [K[?25h[?2026l[?2026h[?25l[A[A[A[1Ggathering model components [K
copying file sha256:7a09bf37704ce637d40c52534c7120df18e9e6c70c1f7ff625a7c51e0217e0b1 100% [K
parsing GGUF [K
verifying conversion ⠏ [K[?25h[?2026l[?2026h[?25l[A[A[A[1Ggathering model components [K
copying file sha256:7a09bf37704ce637d40c52534c7120df18e9e6c70c1f7ff625a7c51e0217e0b1 100% [K
parsing GGUF [K
verifying conversion ⠋ [K[?25h[?2026l[?2026h[?25l[A[A[A[1Ggathering model components [K
copying file sha256:7a09bf37704ce637d40c52534c7120df18e9e6c70c1f7ff625a7c51e0217e0b1 100% [K
parsing GGUF [K
verifying conversion ⠙ [K[?25h[?2026l[?2026h[?25l[A[A[A[1Ggathering model components [K
copying file sha256:7a09bf37704ce637d40c52534c7120df18e9e6c70c1f7ff625a7c51e0217e0b1 100% [K
parsing GGUF [K
verifying conversion ⠹ [K[?25h[?2026l[?2026h[?25l[A[A[A[1Ggathering model components [K
copying file sha256:7a09bf37704ce637d40c52534c7120df18e9e6c70c1f7ff625a7c51e0217e0b1 100% [K
parsing GGUF [K
verifying conversion ⠸ [K[?25h[?2026l[?2026h[?25l[A[A[A[1Ggathering model components [K
copying file sha256:7a09bf37704ce637d40c52534c7120df18e9e6c70c1f7ff625a7c51e0217e0b1 100% [K
parsing GGUF [K
verifying conversion ⠼ [K[?25h[?2026l[?2026h[?25l[A[A[A[1Ggathering model components [K
copying file sha256:7a09bf37704ce637d40c52534c7120df18e9e6c70c1f7ff625a7c51e0217e0b1 100% [K
parsing GGUF [K
verifying conversion ⠴ [K[?25h[?2026l[?2026h[?25l[A[A[A[1Ggathering model components [K
copying file sha256:7a09bf37704ce637d40c52534c7120df18e9e6c70c1f7ff625a7c51e0217e0b1 100% [K
parsing GGUF [K
verifying conversion ⠦ [K[?25h[?2026l[?2026h[?25l[A[A[A[1Ggathering model components [K
copying file sha256:7a09bf37704ce637d40c52534c7120df18e9e6c70c1f7ff625a7c51e0217e0b1 100% [K
parsing GGUF [K
verifying conversion ⠧ [K[?25h[?2026l[?2026h[?25l[A[A[A[1Ggathering model components [K
copying file sha256:7a09bf37704ce637d40c52534c7120df18e9e6c70c1f7ff625a7c51e0217e0b1 100% [K
parsing GGUF [K
verifying conversion ⠇ [K[?25h[?2026l[?2026h[?25l[A[A[A[1Ggathering model components [K
copying file sha256:7a09bf37704ce637d40c52534c7120df18e9e6c70c1f7ff625a7c51e0217e0b1 100% [K
parsing GGUF [K
verifying conversion ⠏ [K[?25h[?2026l[?2026h[?25l[A[A[A[1Ggathering model components [K
copying file sha256:7a09bf37704ce637d40c52534c7120df18e9e6c70c1f7ff625a7c51e0217e0b1 100% [K
parsing GGUF [K
verifying conversion ⠋ [K[?25h[?2026l[?2026h[?25l[A[A[A[1Ggathering model components [K
copying file sha256:7a09bf37704ce637d40c52534c7120df18e9e6c70c1f7ff625a7c51e0217e0b1 100% [K
parsing GGUF [K
verifying conversion ⠙ [K[?25h[?2026l[?2026h[?25l[A[A[A[1Ggathering model components [K
copying file sha256:7a09bf37704ce637d40c52534c7120df18e9e6c70c1f7ff625a7c51e0217e0b1 100% [K
parsing GGUF [K
verifying conversion ⠹ [K[?25h[?2026l[?2026h[?25l[A[A[A[1Ggathering model components [K
copying file sha256:7a09bf37704ce637d40c52534c7120df18e9e6c70c1f7ff625a7c51e0217e0b1 100% [K
parsing GGUF [K
verifying conversion ⠸ [K[?25h[?2026l[?2026h[?25l[A[A[A[1Ggathering model components [K
copying file sha256:7a09bf37704ce637d40c52534c7120df18e9e6c70c1f7ff625a7c51e0217e0b1 100% [K
parsing GGUF [K
verifying conversion ⠼ [K[?25h[?2026l[?2026h[?25l[A[A[A[1Ggathering model components [K
copying file sha256:7a09bf37704ce637d40c52534c7120df18e9e6c70c1f7ff625a7c51e0217e0b1 100% [K
parsing GGUF [K
verifying conversion ⠴ [K[?25h[?2026l[?2026h[?25l[A[A[A[1Ggathering model components [K
copying file sha256:7a09bf37704ce637d40c52534c7120df18e9e6c70c1f7ff625a7c51e0217e0b1 100% [K
parsing GGUF [K
verifying conversion ⠦ [K[?25h[?2026l[?2026h[?25l[A[A[A[1Ggathering model components [K
copying file sha256:7a09bf37704ce637d40c52534c7120df18e9e6c70c1f7ff625a7c51e0217e0b1 100% [K
parsing GGUF [K
verifying conversion ⠧ [K[?25h[?2026l[?2026h[?25l[A[A[A[1Ggathering model components [K
copying file sha256:7a09bf37704ce637d40c52534c7120df18e9e6c70c1f7ff625a7c51e0217e0b1 100% [K
parsing GGUF [K
verifying conversion ⠇ [K[?25h[?2026l[?2026h[?25l[A[A[A[1Ggathering model components [K
copying file sha256:7a09bf37704ce637d40c52534c7120df18e9e6c70c1f7ff625a7c51e0217e0b1 100% [K
parsing GGUF [K
verifying conversion ⠏ [K[?25h[?2026l[?2026h[?25l[A[A[A[1Ggathering model components [K
copying file sha256:7a09bf37704ce637d40c52534c7120df18e9e6c70c1f7ff625a7c51e0217e0b1 100% [K
parsing GGUF [K
verifying conversion ⠋ [K[?25h[?2026l[?2026h[?25l[A[A[A[1Ggathering model components [K
copying file sha256:7a09bf37704ce637d40c52534c7120df18e9e6c70c1f7ff625a7c51e0217e0b1 100% [K
parsing GGUF [K
verifying conversion ⠙ [K[?25h[?2026l[?2026h[?25l[A[A[A[1Ggathering model components [K
copying file sha256:7a09bf37704ce637d40c52534c7120df18e9e6c70c1f7ff625a7c51e0217e0b1 100% [K
parsing GGUF [K
verifying conversion ⠹ [K[?25h[?2026l[?2026h[?25l[A[A[A[1Ggathering model components [K
copying file sha256:7a09bf37704ce637d40c52534c7120df18e9e6c70c1f7ff625a7c51e0217e0b1 100% [K
parsing GGUF [K
verifying conversion ⠸ [K[?25h[?2026l[?2026h[?25l[A[A[A[1Ggathering model components [K
copying file sha256:7a09bf37704ce637d40c52534c7120df18e9e6c70c1f7ff625a7c51e0217e0b1 100% [K
parsing GGUF [K
verifying conversion ⠼ [K[?25h[?2026l[?2026h[?25l[A[A[A[1Ggathering model components [K
copying file sha256:7a09bf37704ce637d40c52534c7120df18e9e6c70c1f7ff625a7c51e0217e0b1 100% [K
parsing GGUF [K
verifying conversion ⠴ [K[?25h[?2026l[?2026h[?25l[A[A[A[1Ggathering model components [K
copying file sha256:7a09bf37704ce637d40c52534c7120df18e9e6c70c1f7ff625a7c51e0217e0b1 100% [K
parsing GGUF [K
verifying conversion ⠦ [K[?25h[?2026l[?2026h[?25l[A[A[A[1Ggathering model components [K
copying file sha256:7a09bf37704ce637d40c52534c7120df18e9e6c70c1f7ff625a7c51e0217e0b1 100% [K
parsing GGUF [K
verifying conversion ⠧ [K[?25h[?2026l[?2026h[?25l[A[A[A[1Ggathering model components [K
copying file sha256:7a09bf37704ce637d40c52534c7120df18e9e6c70c1f7ff625a7c51e0217e0b1 100% [K
parsing GGUF [K
verifying conversion ⠇ [K[?25h[?2026l[?2026h[?25l[A[A[A[1Ggathering model components [K
copying file sha256:7a09bf37704ce637d40c52534c7120df18e9e6c70c1f7ff625a7c51e0217e0b1 100% [K
parsing GGUF [K
verifying conversion ⠏ [K[?25h[?2026l[?2026h[?25l[A[A[A[1Ggathering model components [K
copying file sha256:7a09bf37704ce637d40c52534c7120df18e9e6c70c1f7ff625a7c51e0217e0b1 100% [K
parsing GGUF [K
verifying conversion ⠋ [K[?25h[?2026l[?2026h[?25l[A[A[A[1Ggathering model components [K
copying file sha256:7a09bf37704ce637d40c52534c7120df18e9e6c70c1f7ff625a7c51e0217e0b1 100% [K
parsing GGUF [K
verifying conversion ⠙ [K[?25h[?2026l[?2026h[?25l[A[A[A[1Ggathering model components [K
copying file sha256:7a09bf37704ce637d40c52534c7120df18e9e6c70c1f7ff625a7c51e0217e0b1 100% [K
parsing GGUF [K
verifying conversion ⠹ [K[?25h[?2026l[?2026h[?25l[A[A[A[1Ggathering model components [K
copying file sha256:7a09bf37704ce637d40c52534c7120df18e9e6c70c1f7ff625a7c51e0217e0b1 100% [K
parsing GGUF [K
verifying conversion ⠸ [K[?25h[?2026l[?2026h[?25l[A[A[A[1Ggathering model components [K
copying file sha256:7a09bf37704ce637d40c52534c7120df18e9e6c70c1f7ff625a7c51e0217e0b1 100% [K
parsing GGUF [K
verifying conversion ⠼ [K[?25h[?2026l[?2026h[?25l[A[A[A[1Ggathering model components [K
copying file sha256:7a09bf37704ce637d40c52534c7120df18e9e6c70c1f7ff625a7c51e0217e0b1 100% [K
parsing GGUF [K
verifying conversion ⠴ [K[?25h[?2026l[?2026h[?25l[A[A[A[1Ggathering model components [K
copying file sha256:7a09bf37704ce637d40c52534c7120df18e9e6c70c1f7ff625a7c51e0217e0b1 100% [K
parsing GGUF [K
verifying conversion ⠦ [K[?25h[?2026l[?2026h[?25l[A[A[A[1Ggathering model components [K
copying file sha256:7a09bf37704ce637d40c52534c7120df18e9e6c70c1f7ff625a7c51e0217e0b1 100% [K
parsing GGUF [K
verifying conversion ⠧ [K[?25h[?2026l[?2026h[?25l[A[A[A[1Ggathering model components [K
copying file sha256:7a09bf37704ce637d40c52534c7120df18e9e6c70c1f7ff625a7c51e0217e0b1 100% [K
parsing GGUF [K
verifying conversion ⠇ [K[?25h[?2026l[?2026h[?25l[A[A[A[1Ggathering model components [K
copying file sha256:7a09bf37704ce637d40c52534c7120df18e9e6c70c1f7ff625a7c51e0217e0b1 100% [K
parsing GGUF [K
verifying conversion ⠏ [K[?25h[?2026l[?2026h[?25l[A[A[A[1Ggathering model components [K
copying file sha256:7a09bf37704ce637d40c52534c7120df18e9e6c70c1f7ff625a7c51e0217e0b1 100% [K
parsing GGUF [K
verifying conversion ⠋ [K[?25h[?2026l[?2026h[?25l[A[A[A[1Ggathering model components [K
copying file sha256:7a09bf37704ce637d40c52534c7120df18e9e6c70c1f7ff625a7c51e0217e0b1 100% [K
parsing GGUF [K
verifying conversion ⠙ [K[?25h[?2026l[?2026h[?25l[A[A[A[1Ggathering model components [K
copying file sha256:7a09bf37704ce637d40c52534c7120df18e9e6c70c1f7ff625a7c51e0217e0b1 100% [K
parsing GGUF [K
verifying conversion ⠹ [K[?25h[?2026l[?2026h[?25l[A[A[A[1Ggathering model components [K
copying file sha256:7a09bf37704ce637d40c52534c7120df18e9e6c70c1f7ff625a7c51e0217e0b1 100% [K
parsing GGUF [K
verifying conversion ⠸ [K[?25h[?2026l[?2026h[?25l[A[A[A[1Ggathering model components [K
copying file sha256:7a09bf37704ce637d40c52534c7120df18e9e6c70c1f7ff625a7c51e0217e0b1 100% [K
parsing GGUF [K
verifying conversion ⠼ [K[?25h[?2026l[?2026h[?25l[A[A[A[1Ggathering model components [K
copying file sha256:7a09bf37704ce637d40c52534c7120df18e9e6c70c1f7ff625a7c51e0217e0b1 100% [K
parsing GGUF [K
verifying conversion ⠴ [K[?25h[?2026l[?2026h[?25l[A[A[A[1Ggathering model components [K
copying file sha256:7a09bf37704ce637d40c52534c7120df18e9e6c70c1f7ff625a7c51e0217e0b1 100% [K
parsing GGUF [K
verifying conversion ⠦ [K[?25h[?2026l[?2026h[?25l[A[A[A[1Ggathering model components [K
copying file sha256:7a09bf37704ce637d40c52534c7120df18e9e6c70c1f7ff625a7c51e0217e0b1 100% [K
parsing GGUF [K
verifying conversion ⠧ [K[?25h[?2026l[?2026h[?25l[A[A[A[1Ggathering model components [K
copying file sha256:7a09bf37704ce637d40c52534c7120df18e9e6c70c1f7ff625a7c51e0217e0b1 100% [K
parsing GGUF [K
verifying conversion ⠇ [K[?25h[?2026l[?2026h[?25l[A[A[A[1Ggathering model components [K
copying file sha256:7a09bf37704ce637d40c52534c7120df18e9e6c70c1f7ff625a7c51e0217e0b1 100% [K
parsing GGUF [K
verifying conversion ⠏ [K[?25h[?2026l[?2026h[?25l[A[A[A[1Ggathering model components [K
copying file sha256:7a09bf37704ce637d40c52534c7120df18e9e6c70c1f7ff625a7c51e0217e0b1 100% [K
parsing GGUF [K
verifying conversion ⠋ [K[?25h[?2026l[?2026h[?25l[A[A[A[1Ggathering model components [K
copying file sha256:7a09bf37704ce637d40c52534c7120df18e9e6c70c1f7ff625a7c51e0217e0b1 100% [K
parsing GGUF [K
verifying conversion ⠙ [K[?25h[?2026l[?2026h[?25l[A[A[A[1Ggathering model components [K
copying file sha256:7a09bf37704ce637d40c52534c7120df18e9e6c70c1f7ff625a7c51e0217e0b1 100% [K
parsing GGUF [K
verifying conversion ⠹ [K[?25h[?2026l[?2026h[?25l[A[A[A[1Ggathering model components [K
copying file sha256:7a09bf37704ce637d40c52534c7120df18e9e6c70c1f7ff625a7c51e0217e0b1 100% [K
parsing GGUF [K
verifying conversion ⠸ [K[?25h[?2026l[?2026h[?25l[A[A[A[1Ggathering model components [K
copying file sha256:7a09bf37704ce637d40c52534c7120df18e9e6c70c1f7ff625a7c51e0217e0b1 100% [K
parsing GGUF [K
verifying conversion ⠼ [K[?25h[?2026l[?2026h[?25l[A[A[A[1Ggathering model components [K
copying file sha256:7a09bf37704ce637d40c52534c7120df18e9e6c70c1f7ff625a7c51e0217e0b1 100% [K
parsing GGUF [K
verifying conversion ⠴ [K[?25h[?2026l[?2026h[?25l[A[A[A[1Ggathering model components [K
copying file sha256:7a09bf37704ce637d40c52534c7120df18e9e6c70c1f7ff625a7c51e0217e0b1 100% [K
parsing GGUF [K
verifying conversion ⠦ [K[?25h[?2026l[?2026h[?25l[A[A[A[1Ggathering model components [K
copying file sha256:7a09bf37704ce637d40c52534c7120df18e9e6c70c1f7ff625a7c51e0217e0b1 100% [K
parsing GGUF [K
verifying conversion ⠧ [K[?25h[?2026l[?2026h[?25l[A[A[A[1Ggathering model components [K
copying file sha256:7a09bf37704ce637d40c52534c7120df18e9e6c70c1f7ff625a7c51e0217e0b1 100% [K
parsing GGUF [K
verifying conversion ⠇ [K[?25h[?2026l[?2026h[?25l[A[A[A[1Ggathering model components [K
copying file sha256:7a09bf37704ce637d40c52534c7120df18e9e6c70c1f7ff625a7c51e0217e0b1 100% [K
parsing GGUF [K
verifying conversion ⠏ [K[?25h[?2026l[?2026h[?25l[A[A[A[1Ggathering model components [K
copying file sha256:7a09bf37704ce637d40c52534c7120df18e9e6c70c1f7ff625a7c51e0217e0b1 100% [K
parsing GGUF [K
verifying conversion ⠋ [K[?25h[?2026l[?2026h[?25l[A[A[A[1Ggathering model components [K
copying file sha256:7a09bf37704ce637d40c52534c7120df18e9e6c70c1f7ff625a7c51e0217e0b1 100% [K
parsing GGUF [K
verifying conversion ⠙ [K[?25h[?2026l[?2026h[?25l[A[A[A[1Ggathering model components [K
copying file sha256:7a09bf37704ce637d40c52534c7120df18e9e6c70c1f7ff625a7c51e0217e0b1 100% [K
parsing GGUF [K
verifying conversion ⠹ [K[?25h[?2026l[?2026h[?25l[A[A[A[1Ggathering model components [K
copying file sha256:7a09bf37704ce637d40c52534c7120df18e9e6c70c1f7ff625a7c51e0217e0b1 100% [K
parsing GGUF [K
verifying conversion ⠸ [K[?25h[?2026l[?2026h[?25l[A[A[A[1Ggathering model components [K
copying file sha256:7a09bf37704ce637d40c52534c7120df18e9e6c70c1f7ff625a7c51e0217e0b1 100% [K
parsing GGUF [K
verifying conversion ⠼ [K[?25h[?2026l[?2026h[?25l[A[A[A[1Ggathering model components [K
copying file sha256:7a09bf37704ce637d40c52534c7120df18e9e6c70c1f7ff625a7c51e0217e0b1 100% [K
parsing GGUF [K
verifying conversion ⠴ [K[?25h[?2026l[?2026h[?25l[A[A[A[1Ggathering model components [K
copying file sha256:7a09bf37704ce637d40c52534c7120df18e9e6c70c1f7ff625a7c51e0217e0b1 100% [K
parsing GGUF [K
verifying conversion ⠦ [K[?25h[?2026l[?2026h[?25l[A[A[A[1Ggathering model components [K
copying file sha256:7a09bf37704ce637d40c52534c7120df18e9e6c70c1f7ff625a7c51e0217e0b1 100% [K
parsing GGUF [K
verifying conversion ⠧ [K[?25h[?2026l[?2026h[?25l[A[A[A[1Ggathering model components [K
copying file sha256:7a09bf37704ce637d40c52534c7120df18e9e6c70c1f7ff625a7c51e0217e0b1 100% [K
parsing GGUF [K
verifying conversion ⠇ [K[?25h[?2026l[?2026h[?25l[A[A[A[1Ggathering model components [K
copying file sha256:7a09bf37704ce637d40c52534c7120df18e9e6c70c1f7ff625a7c51e0217e0b1 100% [K
parsing GGUF [K
verifying conversion ⠏ [K[?25h[?2026l[?2026h[?25l[A[A[A[1Ggathering model components [K
copying file sha256:7a09bf37704ce637d40c52534c7120df18e9e6c70c1f7ff625a7c51e0217e0b1 100% [K
parsing GGUF [K
verifying conversion ⠋ [K[?25h[?2026l[?2026h[?25l[A[A[A[1Ggathering model components [K
copying file sha256:7a09bf37704ce637d40c52534c7120df18e9e6c70c1f7ff625a7c51e0217e0b1 100% [K
parsing GGUF [K
verifying conversion ⠙ [K[?25h[?2026l[?2026h[?25l[A[A[A[1Ggathering model components [K
copying file sha256:7a09bf37704ce637d40c52534c7120df18e9e6c70c1f7ff625a7c51e0217e0b1 100% [K
parsing GGUF [K
verifying conversion ⠹ [K[?25h[?2026l[?2026h[?25l[A[A[A[1Ggathering model components [K
copying file sha256:7a09bf37704ce637d40c52534c7120df18e9e6c70c1f7ff625a7c51e0217e0b1 100% [K
parsing GGUF [K
verifying conversion ⠸ [K[?25h[?2026l[?2026h[?25l[A[A[A[1Ggathering model components [K
copying file sha256:7a09bf37704ce637d40c52534c7120df18e9e6c70c1f7ff625a7c51e0217e0b1 100% [K
parsing GGUF [K
verifying conversion ⠼ [K[?25h[?2026l[?2026h[?25l[A[A[A[1Ggathering model components [K
copying file sha256:7a09bf37704ce637d40c52534c7120df18e9e6c70c1f7ff625a7c51e0217e0b1 100% [K
parsing GGUF [K
verifying conversion ⠴ [K[?25h[?2026l[?2026h[?25l[A[A[A[1Ggathering model components [K
copying file sha256:7a09bf37704ce637d40c52534c7120df18e9e6c70c1f7ff625a7c51e0217e0b1 100% [K
parsing GGUF [K
verifying conversion ⠦ [K[?25h[?2026l[?2026h[?25l[A[A[A[1Ggathering model components [K
copying file sha256:7a09bf37704ce637d40c52534c7120df18e9e6c70c1f7ff625a7c51e0217e0b1 100% [K
parsing GGUF [K
verifying conversion ⠧ [K[?25h[?2026l[?2026h[?25l[A[A[A[1Ggathering model components [K
copying file sha256:7a09bf37704ce637d40c52534c7120df18e9e6c70c1f7ff625a7c51e0217e0b1 100% [K
parsing GGUF [K
verifying conversion ⠇ [K[?25h[?2026l[?2026h[?25l[A[A[A[1Ggathering model components [K
copying file sha256:7a09bf37704ce637d40c52534c7120df18e9e6c70c1f7ff625a7c51e0217e0b1 100% [K
parsing GGUF [K
verifying conversion ⠏ [K[?25h[?2026l[?2026h[?25l[A[A[A[1Ggathering model components [K
copying file sha256:7a09bf37704ce637d40c52534c7120df18e9e6c70c1f7ff625a7c51e0217e0b1 100% [K
parsing GGUF [K
verifying conversion ⠋ [K[?25h[?2026l[?2026h[?25l[A[A[A[1Ggathering model components [K
copying file sha256:7a09bf37704ce637d40c52534c7120df18e9e6c70c1f7ff625a7c51e0217e0b1 100% [K
parsing GGUF [K
verifying conversion ⠙ [K[?25h[?2026l[?2026h[?25l[A[A[A[1Ggathering model components [K
copying file sha256:7a09bf37704ce637d40c52534c7120df18e9e6c70c1f7ff625a7c51e0217e0b1 100% [K
parsing GGUF [K
verifying conversion ⠹ [K[?25h[?2026l[?2026h[?25l[A[A[A[1Ggathering model components [K
copying file sha256:7a09bf37704ce637d40c52534c7120df18e9e6c70c1f7ff625a7c51e0217e0b1 100% [K
parsing GGUF [K
verifying conversion ⠸ [K[?25h[?2026l[?2026h[?25l[A[A[A[1Ggathering model components [K
copying file sha256:7a09bf37704ce637d40c52534c7120df18e9e6c70c1f7ff625a7c51e0217e0b1 100% [K
parsing GGUF [K
verifying conversion ⠼ [K[?25h[?2026l[?2026h[?25l[A[A[A[1Ggathering model components [K
copying file sha256:7a09bf37704ce637d40c52534c7120df18e9e6c70c1f7ff625a7c51e0217e0b1 100% [K
parsing GGUF [K
verifying conversion ⠴ [K[?25h[?2026l[?2026h[?25l[A[A[A[1Ggathering model components [K
copying file sha256:7a09bf37704ce637d40c52534c7120df18e9e6c70c1f7ff625a7c51e0217e0b1 100% [K
parsing GGUF [K
verifying conversion ⠦ [K[?25h[?2026l[?2026h[?25l[A[A[A[1Ggathering model components [K
copying file sha256:7a09bf37704ce637d40c52534c7120df18e9e6c70c1f7ff625a7c51e0217e0b1 100% [K
parsing GGUF [K
verifying conversion ⠧ [K[?25h[?2026l[?2026h[?25l[A[A[A[1Ggathering model components [K
copying file sha256:7a09bf37704ce637d40c52534c7120df18e9e6c70c1f7ff625a7c51e0217e0b1 100% [K
parsing GGUF [K
verifying conversion ⠇ [K[?25h[?2026l[?2026h[?25l[A[A[A[1Ggathering model components [K
copying file sha256:7a09bf37704ce637d40c52534c7120df18e9e6c70c1f7ff625a7c51e0217e0b1 100% [K
parsing GGUF [K
verifying conversion ⠏ [K[?25h[?2026l[?2026h[?25l[A[A[A[1Ggathering model components [K
copying file sha256:7a09bf37704ce637d40c52534c7120df18e9e6c70c1f7ff625a7c51e0217e0b1 100% [K
parsing GGUF [K
verifying conversion ⠋ [K[?25h[?2026l[?2026h[?25l[A[A[A[1Ggathering model components [K
copying file sha256:7a09bf37704ce637d40c52534c7120df18e9e6c70c1f7ff625a7c51e0217e0b1 100% [K
parsing GGUF [K
verifying conversion ⠙ [K[?25h[?2026l[?2026h[?25l[A[A[A[1Ggathering model components [K
copying file sha256:7a09bf37704ce637d40c52534c7120df18e9e6c70c1f7ff625a7c51e0217e0b1 100% [K
parsing GGUF [K
verifying conversion ⠹ [K[?25h[?2026l[?2026h[?25l[A[A[A[1Ggathering model components [K
copying file sha256:7a09bf37704ce637d40c52534c7120df18e9e6c70c1f7ff625a7c51e0217e0b1 100% [K
parsing GGUF [K
verifying conversion ⠸ [K[?25h[?2026l[?2026h[?25l[A[A[A[1Ggathering model components [K
copying file sha256:7a09bf37704ce637d40c52534c7120df18e9e6c70c1f7ff625a7c51e0217e0b1 100% [K
parsing GGUF [K
verifying conversion ⠼ [K[?25h[?2026l[?2026h[?25l[A[A[A[1Ggathering model components [K
copying file sha256:7a09bf37704ce637d40c52534c7120df18e9e6c70c1f7ff625a7c51e0217e0b1 100% [K
parsing GGUF [K
verifying conversion ⠴ [K[?25h[?2026l[?2026h[?25l[A[A[A[1Ggathering model components [K
copying file sha256:7a09bf37704ce637d40c52534c7120df18e9e6c70c1f7ff625a7c51e0217e0b1 100% [K
parsing GGUF [K
verifying conversion ⠦ [K[?25h[?2026l[?2026h[?25l[A[A[A[1Ggathering model components [K
copying file sha256:7a09bf37704ce637d40c52534c7120df18e9e6c70c1f7ff625a7c51e0217e0b1 100% [K
parsing GGUF [K
verifying conversion ⠧ [K[?25h[?2026l[?2026h[?25l[A[A[A[1Ggathering model components [K
copying file sha256:7a09bf37704ce637d40c52534c7120df18e9e6c70c1f7ff625a7c51e0217e0b1 100% [K
parsing GGUF [K
verifying conversion ⠇ [K[?25h[?2026l[?2026h[?25l[A[A[A[1Ggathering model components [K
copying file sha256:7a09bf37704ce637d40c52534c7120df18e9e6c70c1f7ff625a7c51e0217e0b1 100% [K
parsing GGUF [K
verifying conversion ⠏ [K[?25h[?2026l[?2026h[?25l[A[A[A[1Ggathering model components [K
copying file sha256:7a09bf37704ce637d40c52534c7120df18e9e6c70c1f7ff625a7c51e0217e0b1 100% [K
parsing GGUF [K
verifying conversion ⠋ [K[?25h[?2026l[?2026h[?25l[A[A[A[1Ggathering model components [K
copying file sha256:7a09bf37704ce637d40c52534c7120df18e9e6c70c1f7ff625a7c51e0217e0b1 100% [K
parsing GGUF [K
verifying conversion ⠙ [K[?25h[?2026l[?2026h[?25l[A[A[A[1Ggathering model components [K
copying file sha256:7a09bf37704ce637d40c52534c7120df18e9e6c70c1f7ff625a7c51e0217e0b1 100% [K
parsing GGUF [K
verifying conversion ⠹ [K[?25h[?2026l[?2026h[?25l[A[A[A[1Ggathering model components [K
copying file sha256:7a09bf37704ce637d40c52534c7120df18e9e6c70c1f7ff625a7c51e0217e0b1 100% [K
parsing GGUF [K
verifying conversion ⠸ [K[?25h[?2026l[?2026h[?25l[A[A[A[1Ggathering model components [K
copying file sha256:7a09bf37704ce637d40c52534c7120df18e9e6c70c1f7ff625a7c51e0217e0b1 100% [K
parsing GGUF [K
verifying conversion ⠼ [K[?25h[?2026l[?2026h[?25l[A[A[A[1Ggathering model components [K
copying file sha256:7a09bf37704ce637d40c52534c7120df18e9e6c70c1f7ff625a7c51e0217e0b1 100% [K
parsing GGUF [K
verifying conversion ⠴ [K[?25h[?2026l[?2026h[?25l[A[A[A[1Ggathering model components [K
copying file sha256:7a09bf37704ce637d40c52534c7120df18e9e6c70c1f7ff625a7c51e0217e0b1 100% [K
parsing GGUF [K
verifying conversion ⠦ [K[?25h[?2026l[?2026h[?25l[A[A[A[1Ggathering model components [K
copying file sha256:7a09bf37704ce637d40c52534c7120df18e9e6c70c1f7ff625a7c51e0217e0b1 100% [K
parsing GGUF [K
verifying conversion ⠧ [K[?25h[?2026l[?2026h[?25l[A[A[A[1Ggathering model components [K
copying file sha256:7a09bf37704ce637d40c52534c7120df18e9e6c70c1f7ff625a7c51e0217e0b1 100% [K
parsing GGUF [K
verifying conversion ⠇ [K[?25h[?2026l[?2026h[?25l[A[A[A[1Ggathering model components [K
copying file sha256:7a09bf37704ce637d40c52534c7120df18e9e6c70c1f7ff625a7c51e0217e0b1 100% [K
parsing GGUF [K
verifying conversion ⠏ [K[?25h[?2026l[?2026h[?25l[A[A[A[1Ggathering model components [K
copying file sha256:7a09bf37704ce637d40c52534c7120df18e9e6c70c1f7ff625a7c51e0217e0b1 100% [K
parsing GGUF [K
verifying conversion ⠋ [K[?25h[?2026l[?2026h[?25l[A[A[A[1Ggathering model components [K
copying file sha256:7a09bf37704ce637d40c52534c7120df18e9e6c70c1f7ff625a7c51e0217e0b1 100% [K
parsing GGUF [K
verifying conversion ⠙ [K[?25h[?2026l[?2026h[?25l[A[A[A[1Ggathering model components [K
copying file sha256:7a09bf37704ce637d40c52534c7120df18e9e6c70c1f7ff625a7c51e0217e0b1 100% [K
parsing GGUF [K
verifying conversion ⠹ [K[?25h[?2026l[?2026h[?25l[A[A[A[1Ggathering model components [K
copying file sha256:7a09bf37704ce637d40c52534c7120df18e9e6c70c1f7ff625a7c51e0217e0b1 100% [K
parsing GGUF [K
verifying conversion ⠸ [K[?25h[?2026l[?2026h[?25l[A[A[A[1Ggathering model components [K
copying file sha256:7a09bf37704ce637d40c52534c7120df18e9e6c70c1f7ff625a7c51e0217e0b1 100% [K
parsing GGUF [K
verifying conversion ⠼ [K[?25h[?2026l[?2026h[?25l[A[A[A[1Ggathering model components [K
copying file sha256:7a09bf37704ce637d40c52534c7120df18e9e6c70c1f7ff625a7c51e0217e0b1 100% [K
parsing GGUF [K
verifying conversion ⠴ [K[?25h[?2026l[?2026h[?25l[A[A[A[1Ggathering model components [K
copying file sha256:7a09bf37704ce637d40c52534c7120df18e9e6c70c1f7ff625a7c51e0217e0b1 100% [K
parsing GGUF [K
verifying conversion ⠦ [K[?25h[?2026l[?2026h[?25l[A[A[A[1Ggathering model components [K
copying file sha256:7a09bf37704ce637d40c52534c7120df18e9e6c70c1f7ff625a7c51e0217e0b1 100% [K
parsing GGUF [K
verifying conversion ⠧ [K[?25h[?2026l[?2026h[?25l[A[A[A[1Ggathering model components [K
copying file sha256:7a09bf37704ce637d40c52534c7120df18e9e6c70c1f7ff625a7c51e0217e0b1 100% [K
parsing GGUF [K
verifying conversion ⠇ [K[?25h[?2026l[?2026h[?25l[A[A[A[1Ggathering model components [K
copying file sha256:7a09bf37704ce637d40c52534c7120df18e9e6c70c1f7ff625a7c51e0217e0b1 100% [K
parsing GGUF [K
verifying conversion ⠏ [K[?25h[?2026l[?2026h[?25l[A[A[A[1Ggathering model components [K
copying file sha256:7a09bf37704ce637d40c52534c7120df18e9e6c70c1f7ff625a7c51e0217e0b1 100% [K
parsing GGUF [K
verifying conversion ⠋ [K[?25h[?2026l[?2026h[?25l[A[A[A[1Ggathering model components [K
copying file sha256:7a09bf37704ce637d40c52534c7120df18e9e6c70c1f7ff625a7c51e0217e0b1 100% [K
parsing GGUF [K
verifying conversion ⠙ [K[?25h[?2026l[?2026h[?25l[A[A[A[1Ggathering model components [K
copying file sha256:7a09bf37704ce637d40c52534c7120df18e9e6c70c1f7ff625a7c51e0217e0b1 100% [K
parsing GGUF [K
verifying conversion ⠹ [K[?25h[?2026l[?2026h[?25l[A[A[A[1Ggathering model components [K
copying file sha256:7a09bf37704ce637d40c52534c7120df18e9e6c70c1f7ff625a7c51e0217e0b1 100% [K
parsing GGUF [K
verifying conversion ⠸ [K[?25h[?2026l[?2026h[?25l[A[A[A[1Ggathering model components [K
copying file sha256:7a09bf37704ce637d40c52534c7120df18e9e6c70c1f7ff625a7c51e0217e0b1 100% [K
parsing GGUF [K
verifying conversion ⠼ [K[?25h[?2026l[?2026h[?25l[A[A[A[1Ggathering model components [K
copying file sha256:7a09bf37704ce637d40c52534c7120df18e9e6c70c1f7ff625a7c51e0217e0b1 100% [K
parsing GGUF [K
verifying conversion ⠴ [K[?25h[?2026l[?2026h[?25l[A[A[A[1Ggathering model components [K
copying file sha256:7a09bf37704ce637d40c52534c7120df18e9e6c70c1f7ff625a7c51e0217e0b1 100% [K
parsing GGUF [K
verifying conversion ⠦ [K[?25h[?2026l[?2026h[?25l[A[A[A[1Ggathering model components [K
copying file sha256:7a09bf37704ce637d40c52534c7120df18e9e6c70c1f7ff625a7c51e0217e0b1 100% [K
parsing GGUF [K
verifying conversion ⠧ [K[?25h[?2026l[?2026h[?25l[A[A[A[1Ggathering model components [K
copying file sha256:7a09bf37704ce637d40c52534c7120df18e9e6c70c1f7ff625a7c51e0217e0b1 100% [K
parsing GGUF [K
verifying conversion ⠇ [K[?25h[?2026l[?2026h[?25l[A[A[A[1Ggathering model components [K
copying file sha256:7a09bf37704ce637d40c52534c7120df18e9e6c70c1f7ff625a7c51e0217e0b1 100% [K
parsing GGUF [K
verifying conversion ⠏ [K[?25h[?2026l[?2026h[?25l[A[A[A[1Ggathering model components [K
copying file sha256:7a09bf37704ce637d40c52534c7120df18e9e6c70c1f7ff625a7c51e0217e0b1 100% [K
parsing GGUF [K
verifying conversion ⠋ [K[?25h[?2026l[?2026h[?25l[A[A[A[1Ggathering model components [K
copying file sha256:7a09bf37704ce637d40c52534c7120df18e9e6c70c1f7ff625a7c51e0217e0b1 100% [K
parsing GGUF [K
verifying conversion ⠙ [K[?25h[?2026l[?2026h[?25l[A[A[A[1Ggathering model components [K
copying file sha256:7a09bf37704ce637d40c52534c7120df18e9e6c70c1f7ff625a7c51e0217e0b1 100% [K
parsing GGUF [K
verifying conversion ⠹ [K[?25h[?2026l[?2026h[?25l[A[A[A[1Ggathering model components [K
copying file sha256:7a09bf37704ce637d40c52534c7120df18e9e6c70c1f7ff625a7c51e0217e0b1 100% [K
parsing GGUF [K
verifying conversion ⠸ [K[?25h[?2026l[?2026h[?25l[A[A[A[1Ggathering model components [K
copying file sha256:7a09bf37704ce637d40c52534c7120df18e9e6c70c1f7ff625a7c51e0217e0b1 100% [K
parsing GGUF [K
verifying conversion ⠼ [K[?25h[?2026l[?2026h[?25l[A[A[A[1Ggathering model components [K
copying file sha256:7a09bf37704ce637d40c52534c7120df18e9e6c70c1f7ff625a7c51e0217e0b1 100% [K
parsing GGUF [K
verifying conversion ⠴ [K[?25h[?2026l[?2026h[?25l[A[A[A[1Ggathering model components [K
copying file sha256:7a09bf37704ce637d40c52534c7120df18e9e6c70c1f7ff625a7c51e0217e0b1 100% [K
parsing GGUF [K
verifying conversion ⠦ [K[?25h[?2026l[?2026h[?25l[A[A[A[1Ggathering model components [K
copying file sha256:7a09bf37704ce637d40c52534c7120df18e9e6c70c1f7ff625a7c51e0217e0b1 100% [K
parsing GGUF [K
verifying conversion ⠧ [K[?25h[?2026l[?2026h[?25l[A[A[A[1Ggathering model components [K
copying file sha256:7a09bf37704ce637d40c52534c7120df18e9e6c70c1f7ff625a7c51e0217e0b1 100% [K
parsing GGUF [K
verifying conversion ⠇ [K[?25h[?2026l[?2026h[?25l[A[A[A[1Ggathering model components [K
copying file sha256:7a09bf37704ce637d40c52534c7120df18e9e6c70c1f7ff625a7c51e0217e0b1 100% [K
parsing GGUF [K
verifying conversion ⠏ [K[?25h[?2026l[?2026h[?25l[A[A[A[1Ggathering model components [K
copying file sha256:7a09bf37704ce637d40c52534c7120df18e9e6c70c1f7ff625a7c51e0217e0b1 100% [K
parsing GGUF [K
verifying conversion ⠋ [K[?25h[?2026l[?2026h[?25l[A[A[A[1Ggathering model components [K
copying file sha256:7a09bf37704ce637d40c52534c7120df18e9e6c70c1f7ff625a7c51e0217e0b1 100% [K
parsing GGUF [K
verifying conversion ⠙ [K[?25h[?2026l[?2026h[?25l[A[A[A[1Ggathering model components [K
copying file sha256:7a09bf37704ce637d40c52534c7120df18e9e6c70c1f7ff625a7c51e0217e0b1 100% [K
parsing GGUF [K
verifying conversion ⠹ [K[?25h[?2026l[?2026h[?25l[A[A[A[1Ggathering model components [K
copying file sha256:7a09bf37704ce637d40c52534c7120df18e9e6c70c1f7ff625a7c51e0217e0b1 100% [K
parsing GGUF [K
verifying conversion ⠸ [K[?25h[?2026l[?2026h[?25l[A[A[A[1Ggathering model components [K
copying file sha256:7a09bf37704ce637d40c52534c7120df18e9e6c70c1f7ff625a7c51e0217e0b1 100% [K
parsing GGUF [K
verifying conversion ⠼ [K[?25h[?2026l[?2026h[?25l[A[A[A[1Ggathering model components [K
copying file sha256:7a09bf37704ce637d40c52534c7120df18e9e6c70c1f7ff625a7c51e0217e0b1 100% [K
parsing GGUF [K
verifying conversion ⠴ [K[?25h[?2026l[?2026h[?25l[A[A[A[1Ggathering model components [K
copying file sha256:7a09bf37704ce637d40c52534c7120df18e9e6c70c1f7ff625a7c51e0217e0b1 100% [K
parsing GGUF [K
verifying conversion ⠦ [K[?25h[?2026l[?2026h[?25l[A[A[A[1Ggathering model components [K
copying file sha256:7a09bf37704ce637d40c52534c7120df18e9e6c70c1f7ff625a7c51e0217e0b1 100% [K
parsing GGUF [K
verifying conversion ⠧ [K[?25h[?2026l[?2026h[?25l[A[A[A[1Ggathering model components [K
copying file sha256:7a09bf37704ce637d40c52534c7120df18e9e6c70c1f7ff625a7c51e0217e0b1 100% [K
parsing GGUF [K
verifying conversion ⠇ [K[?25h[?2026l[?2026h[?25l[A[A[A[1Ggathering model components [K
copying file sha256:7a09bf37704ce637d40c52534c7120df18e9e6c70c1f7ff625a7c51e0217e0b1 100% [K
parsing GGUF [K
verifying conversion ⠏ [K[?25h[?2026l[?2026h[?25l[A[A[A[1Ggathering model components [K
copying file sha256:7a09bf37704ce637d40c52534c7120df18e9e6c70c1f7ff625a7c51e0217e0b1 100% [K
parsing GGUF [K
verifying conversion ⠋ [K[?25h[?2026l[?2026h[?25l[A[A[A[1Ggathering model components [K
copying file sha256:7a09bf37704ce637d40c52534c7120df18e9e6c70c1f7ff625a7c51e0217e0b1 100% [K
parsing GGUF [K
verifying conversion ⠙ [K[?25h[?2026l[?2026h[?25l[A[A[A[1Ggathering model components [K
copying file sha256:7a09bf37704ce637d40c52534c7120df18e9e6c70c1f7ff625a7c51e0217e0b1 100% [K
parsing GGUF [K
verifying conversion ⠹ [K[?25h[?2026l[?2026h[?25l[A[A[A[1Ggathering model components [K
copying file sha256:7a09bf37704ce637d40c52534c7120df18e9e6c70c1f7ff625a7c51e0217e0b1 100% [K
parsing GGUF [K
verifying conversion ⠸ [K[?25h[?2026l[?2026h[?25l[A[A[A[1Ggathering model components [K
copying file sha256:7a09bf37704ce637d40c52534c7120df18e9e6c70c1f7ff625a7c51e0217e0b1 100% [K
parsing GGUF [K
verifying conversion ⠼ [K[?25h[?2026l[?2026h[?25l[A[A[A[1Ggathering model components [K
copying file sha256:7a09bf37704ce637d40c52534c7120df18e9e6c70c1f7ff625a7c51e0217e0b1 100% [K
parsing GGUF [K
verifying conversion ⠴ [K[?25h[?2026l[?2026h[?25l[A[A[A[1Ggathering model components [K
copying file sha256:7a09bf37704ce637d40c52534c7120df18e9e6c70c1f7ff625a7c51e0217e0b1 100% [K
parsing GGUF [K
verifying conversion ⠦ [K[?25h[?2026l[?2026h[?25l[A[A[A[1Ggathering model components [K
copying file sha256:7a09bf37704ce637d40c52534c7120df18e9e6c70c1f7ff625a7c51e0217e0b1 100% [K
parsing GGUF [K
verifying conversion ⠧ [K[?25h[?2026l[?2026h[?25l[A[A[A[1Ggathering model components [K
copying file sha256:7a09bf37704ce637d40c52534c7120df18e9e6c70c1f7ff625a7c51e0217e0b1 100% [K
parsing GGUF [K
verifying conversion ⠇ [K[?25h[?2026l[?2026h[?25l[A[A[A[1Ggathering model components [K
copying file sha256:7a09bf37704ce637d40c52534c7120df18e9e6c70c1f7ff625a7c51e0217e0b1 100% [K
parsing GGUF [K
verifying conversion ⠏ [K[?25h[?2026l[?2026h[?25l[A[A[A[1Ggathering model components [K
copying file sha256:7a09bf37704ce637d40c52534c7120df18e9e6c70c1f7ff625a7c51e0217e0b1 100% [K
parsing GGUF [K
verifying conversion ⠋ [K[?25h[?2026l[?2026h[?25l[A[A[A[1Ggathering model components [K
copying file sha256:7a09bf37704ce637d40c52534c7120df18e9e6c70c1f7ff625a7c51e0217e0b1 100% [K
parsing GGUF [K
verifying conversion ⠙ [K[?25h[?2026l[?2026h[?25l[A[A[A[1Ggathering model components [K
copying file sha256:7a09bf37704ce637d40c52534c7120df18e9e6c70c1f7ff625a7c51e0217e0b1 100% [K
parsing GGUF [K
verifying conversion ⠹ [K[?25h[?2026l[?2026h[?25l[A[A[A[1Ggathering model components [K
copying file sha256:7a09bf37704ce637d40c52534c7120df18e9e6c70c1f7ff625a7c51e0217e0b1 100% [K
parsing GGUF [K
verifying conversion ⠸ [K[?25h[?2026l[?2026h[?25l[A[A[A[1Ggathering model components [K
copying file sha256:7a09bf37704ce637d40c52534c7120df18e9e6c70c1f7ff625a7c51e0217e0b1 100% [K
parsing GGUF [K
verifying conversion ⠼ [K[?25h[?2026l[?2026h[?25l[A[A[A[1Ggathering model components [K
copying file sha256:7a09bf37704ce637d40c52534c7120df18e9e6c70c1f7ff625a7c51e0217e0b1 100% [K
parsing GGUF [K
verifying conversion ⠴ [K[?25h[?2026l[?2026h[?25l[A[A[A[1Ggathering model components [K
copying file sha256:7a09bf37704ce637d40c52534c7120df18e9e6c70c1f7ff625a7c51e0217e0b1 100% [K
parsing GGUF [K
verifying conversion ⠦ [K[?25h[?2026l[?2026h[?25l[A[A[A[1Ggathering model components [K
copying file sha256:7a09bf37704ce637d40c52534c7120df18e9e6c70c1f7ff625a7c51e0217e0b1 100% [K
parsing GGUF [K
verifying conversion ⠧ [K[?25h[?2026l[?2026h[?25l[A[A[A[1Ggathering model components [K
copying file sha256:7a09bf37704ce637d40c52534c7120df18e9e6c70c1f7ff625a7c51e0217e0b1 100% [K
parsing GGUF [K
verifying conversion ⠇ [K[?25h[?2026l[?2026h[?25l[A[A[A[1Ggathering model components [K
copying file sha256:7a09bf37704ce637d40c52534c7120df18e9e6c70c1f7ff625a7c51e0217e0b1 100% [K
parsing GGUF [K
verifying conversion ⠏ [K[?25h[?2026l[?2026h[?25l[A[A[A[1Ggathering model components [K
copying file sha256:7a09bf37704ce637d40c52534c7120df18e9e6c70c1f7ff625a7c51e0217e0b1 100% [K
parsing GGUF [K
verifying conversion ⠋ [K[?25h[?2026l[?2026h[?25l[A[A[A[1Ggathering model components [K
copying file sha256:7a09bf37704ce637d40c52534c7120df18e9e6c70c1f7ff625a7c51e0217e0b1 100% [K
parsing GGUF [K
verifying conversion ⠙ [K[?25h[?2026l[?2026h[?25l[A[A[A[1Ggathering model components [K
copying file sha256:7a09bf37704ce637d40c52534c7120df18e9e6c70c1f7ff625a7c51e0217e0b1 100% [K
parsing GGUF [K
verifying conversion ⠹ [K[?25h[?2026l[?2026h[?25l[A[A[A[1Ggathering model components [K
copying file sha256:7a09bf37704ce637d40c52534c7120df18e9e6c70c1f7ff625a7c51e0217e0b1 100% [K
parsing GGUF [K
verifying conversion ⠸ [K[?25h[?2026l[?2026h[?25l[A[A[A[1Ggathering model components [K
copying file sha256:7a09bf37704ce637d40c52534c7120df18e9e6c70c1f7ff625a7c51e0217e0b1 100% [K
parsing GGUF [K
verifying conversion ⠼ [K[?25h[?2026l[?2026h[?25l[A[A[A[1Ggathering model components [K
copying file sha256:7a09bf37704ce637d40c52534c7120df18e9e6c70c1f7ff625a7c51e0217e0b1 100% [K
parsing GGUF [K
verifying conversion ⠴ [K[?25h[?2026l[?2026h[?25l[A[A[A[1Ggathering model components [K
copying file sha256:7a09bf37704ce637d40c52534c7120df18e9e6c70c1f7ff625a7c51e0217e0b1 100% [K
parsing GGUF [K
verifying conversion ⠦ [K[?25h[?2026l[?2026h[?25l[A[A[A[1Ggathering model components [K
copying file sha256:7a09bf37704ce637d40c52534c7120df18e9e6c70c1f7ff625a7c51e0217e0b1 100% [K
parsing GGUF [K
verifying conversion ⠧ [K[?25h[?2026l[?2026h[?25l[A[A[A[1Ggathering model components [K
copying file sha256:7a09bf37704ce637d40c52534c7120df18e9e6c70c1f7ff625a7c51e0217e0b1 100% [K
parsing GGUF [K
verifying conversion ⠇ [K[?25h[?2026l[?2026h[?25l[A[A[A[1Ggathering model components [K
copying file sha256:7a09bf37704ce637d40c52534c7120df18e9e6c70c1f7ff625a7c51e0217e0b1 100% [K
parsing GGUF [K
verifying conversion ⠏ [K[?25h[?2026l[?2026h[?25l[A[A[A[1Ggathering model components [K
copying file sha256:7a09bf37704ce637d40c52534c7120df18e9e6c70c1f7ff625a7c51e0217e0b1 100% [K
parsing GGUF [K
verifying conversion ⠋ [K[?25h[?2026l[?2026h[?25l[A[A[A[1Ggathering model components [K
copying file sha256:7a09bf37704ce637d40c52534c7120df18e9e6c70c1f7ff625a7c51e0217e0b1 100% [K
parsing GGUF [K
verifying conversion ⠙ [K[?25h[?2026l[?2026h[?25l[A[A[A[1Ggathering model components [K
copying file sha256:7a09bf37704ce637d40c52534c7120df18e9e6c70c1f7ff625a7c51e0217e0b1 100% [K
parsing GGUF [K
verifying conversion ⠹ [K[?25h[?2026l[?2026h[?25l[A[A[A[1Ggathering model components [K
copying file sha256:7a09bf37704ce637d40c52534c7120df18e9e6c70c1f7ff625a7c51e0217e0b1 100% [K
parsing GGUF [K
verifying conversion ⠸ [K[?25h[?2026l[?2026h[?25l[A[A[A[1Ggathering model components [K
copying file sha256:7a09bf37704ce637d40c52534c7120df18e9e6c70c1f7ff625a7c51e0217e0b1 100% [K
parsing GGUF [K
verifying conversion ⠼ [K[?25h[?2026l[?2026h[?25l[A[A[A[1Ggathering model components [K
copying file sha256:7a09bf37704ce637d40c52534c7120df18e9e6c70c1f7ff625a7c51e0217e0b1 100% [K
parsing GGUF [K
verifying conversion ⠴ [K[?25h[?2026l[?2026h[?25l[A[A[A[1Ggathering model components [K
copying file sha256:7a09bf37704ce637d40c52534c7120df18e9e6c70c1f7ff625a7c51e0217e0b1 100% [K
parsing GGUF [K
verifying conversion ⠦ [K[?25h[?2026l[?2026h[?25l[A[A[A[1Ggathering model components [K
copying file sha256:7a09bf37704ce637d40c52534c7120df18e9e6c70c1f7ff625a7c51e0217e0b1 100% [K
parsing GGUF [K
verifying conversion ⠧ [K[?25h[?2026l[?2026h[?25l[A[A[A[1Ggathering model components [K
copying file sha256:7a09bf37704ce637d40c52534c7120df18e9e6c70c1f7ff625a7c51e0217e0b1 100% [K
parsing GGUF [K
verifying conversion ⠇ [K[?25h[?2026l[?2026h[?25l[A[A[A[1Ggathering model components [K
copying file sha256:7a09bf37704ce637d40c52534c7120df18e9e6c70c1f7ff625a7c51e0217e0b1 100% [K
parsing GGUF [K
verifying conversion ⠏ [K[?25h[?2026l[?2026h[?25l[A[A[A[1Ggathering model components [K
copying file sha256:7a09bf37704ce637d40c52534c7120df18e9e6c70c1f7ff625a7c51e0217e0b1 100% [K
parsing GGUF [K
verifying conversion ⠋ [K[?25h[?2026l[?2026h[?25l[A[A[A[1Ggathering model components [K
copying file sha256:7a09bf37704ce637d40c52534c7120df18e9e6c70c1f7ff625a7c51e0217e0b1 100% [K
parsing GGUF [K
verifying conversion ⠙ [K[?25h[?2026l[?2026h[?25l[A[A[A[1Ggathering model components [K
copying file sha256:7a09bf37704ce637d40c52534c7120df18e9e6c70c1f7ff625a7c51e0217e0b1 100% [K
parsing GGUF [K
verifying conversion ⠹ [K[?25h[?2026l[?2026h[?25l[A[A[A[1Ggathering model components [K
copying file sha256:7a09bf37704ce637d40c52534c7120df18e9e6c70c1f7ff625a7c51e0217e0b1 100% [K
parsing GGUF [K
verifying conversion ⠸ [K[?25h[?2026l[?2026h[?25l[A[A[A[1Ggathering model components [K
copying file sha256:7a09bf37704ce637d40c52534c7120df18e9e6c70c1f7ff625a7c51e0217e0b1 100% [K
parsing GGUF [K
verifying conversion ⠼ [K[?25h[?2026l[?2026h[?25l[A[A[A[1Ggathering model components [K
copying file sha256:7a09bf37704ce637d40c52534c7120df18e9e6c70c1f7ff625a7c51e0217e0b1 100% [K
parsing GGUF [K
verifying conversion ⠴ [K[?25h[?2026l[?2026h[?25l[A[A[A[1Ggathering model components [K
copying file sha256:7a09bf37704ce637d40c52534c7120df18e9e6c70c1f7ff625a7c51e0217e0b1 100% [K
parsing GGUF [K
verifying conversion ⠦ [K[?25h[?2026l[?2026h[?25l[A[A[A[1Ggathering model components [K
copying file sha256:7a09bf37704ce637d40c52534c7120df18e9e6c70c1f7ff625a7c51e0217e0b1 100% [K
parsing GGUF [K
verifying conversion ⠧ [K[?25h[?2026l[?2026h[?25l[A[A[A[1Ggathering model components [K
copying file sha256:7a09bf37704ce637d40c52534c7120df18e9e6c70c1f7ff625a7c51e0217e0b1 100% [K
parsing GGUF [K
verifying conversion ⠇ [K[?25h[?2026l[?2026h[?25l[A[A[A[1Ggathering model components [K
copying file sha256:7a09bf37704ce637d40c52534c7120df18e9e6c70c1f7ff625a7c51e0217e0b1 100% [K
parsing GGUF [K
verifying conversion ⠏ [K[?25h[?2026l[?2026h[?25l[A[A[A[1Ggathering model components [K
copying file sha256:7a09bf37704ce637d40c52534c7120df18e9e6c70c1f7ff625a7c51e0217e0b1 100% [K
parsing GGUF [K
verifying conversion ⠋ [K[?25h[?2026l[?2026h[?25l[A[A[A[1Ggathering model components [K
copying file sha256:7a09bf37704ce637d40c52534c7120df18e9e6c70c1f7ff625a7c51e0217e0b1 100% [K
parsing GGUF [K
verifying conversion ⠙ [K[?25h[?2026l[?2026h[?25l[A[A[A[1Ggathering model components [K
copying file sha256:7a09bf37704ce637d40c52534c7120df18e9e6c70c1f7ff625a7c51e0217e0b1 100% [K
parsing GGUF [K
verifying conversion ⠹ [K[?25h[?2026l[?2026h[?25l[A[A[A[1Ggathering model components [K
copying file sha256:7a09bf37704ce637d40c52534c7120df18e9e6c70c1f7ff625a7c51e0217e0b1 100% [K
parsing GGUF [K
verifying conversion ⠸ [K[?25h[?2026l[?2026h[?25l[A[A[A[1Ggathering model components [K
copying file sha256:7a09bf37704ce637d40c52534c7120df18e9e6c70c1f7ff625a7c51e0217e0b1 100% [K
parsing GGUF [K
verifying conversion ⠼ [K[?25h[?2026l[?2026h[?25l[A[A[A[1Ggathering model components [K
copying file sha256:7a09bf37704ce637d40c52534c7120df18e9e6c70c1f7ff625a7c51e0217e0b1 100% [K
parsing GGUF [K
verifying conversion ⠴ [K[?25h[?2026l[?2026h[?25l[A[A[A[1Ggathering model components [K
copying file sha256:7a09bf37704ce637d40c52534c7120df18e9e6c70c1f7ff625a7c51e0217e0b1 100% [K
parsing GGUF [K
verifying conversion ⠦ [K[?25h[?2026l[?2026h[?25l[A[A[A[1Ggathering model components [K
copying file sha256:7a09bf37704ce637d40c52534c7120df18e9e6c70c1f7ff625a7c51e0217e0b1 100% [K
parsing GGUF [K
verifying conversion ⠧ [K[?25h[?2026l[?2026h[?25l[A[A[A[1Ggathering model components [K
copying file sha256:7a09bf37704ce637d40c52534c7120df18e9e6c70c1f7ff625a7c51e0217e0b1 100% [K
parsing GGUF [K
verifying conversion ⠇ [K[?25h[?2026l[?2026h[?25l[A[A[A[1Ggathering model components [K
copying file sha256:7a09bf37704ce637d40c52534c7120df18e9e6c70c1f7ff625a7c51e0217e0b1 100% [K
parsing GGUF [K
verifying conversion ⠏ [K[?25h[?2026l[?2026h[?25l[A[A[A[1Ggathering model components [K
copying file sha256:7a09bf37704ce637d40c52534c7120df18e9e6c70c1f7ff625a7c51e0217e0b1 100% [K
parsing GGUF [K
verifying conversion ⠋ [K[?25h[?2026l[?2026h[?25l[A[A[A[1Ggathering model components [K
copying file sha256:7a09bf37704ce637d40c52534c7120df18e9e6c70c1f7ff625a7c51e0217e0b1 100% [K
parsing GGUF [K
verifying conversion ⠙ [K[?25h[?2026l[?2026h[?25l[A[A[A[1Ggathering model components [K
copying file sha256:7a09bf37704ce637d40c52534c7120df18e9e6c70c1f7ff625a7c51e0217e0b1 100% [K
parsing GGUF [K
verifying conversion ⠹ [K[?25h[?2026l[?2026h[?25l[A[A[A[1Ggathering model components [K
copying file sha256:7a09bf37704ce637d40c52534c7120df18e9e6c70c1f7ff625a7c51e0217e0b1 100% [K
parsing GGUF [K
verifying conversion ⠸ [K[?25h[?2026l[?2026h[?25l[A[A[A[1Ggathering model components [K
copying file sha256:7a09bf37704ce637d40c52534c7120df18e9e6c70c1f7ff625a7c51e0217e0b1 100% [K
parsing GGUF [K
verifying conversion ⠼ [K[?25h[?2026l[?2026h[?25l[A[A[A[1Ggathering model components [K
copying file sha256:7a09bf37704ce637d40c52534c7120df18e9e6c70c1f7ff625a7c51e0217e0b1 100% [K
parsing GGUF [K
verifying conversion ⠴ [K[?25h[?2026l[?2026h[?25l[A[A[A[1Ggathering model components [K
copying file sha256:7a09bf37704ce637d40c52534c7120df18e9e6c70c1f7ff625a7c51e0217e0b1 100% [K
parsing GGUF [K
verifying conversion ⠦ [K[?25h[?2026l[?2026h[?25l[A[A[A[1Ggathering model components [K
copying file sha256:7a09bf37704ce637d40c52534c7120df18e9e6c70c1f7ff625a7c51e0217e0b1 100% [K
parsing GGUF [K
verifying conversion ⠧ [K[?25h[?2026l[?2026h[?25l[A[A[A[1Ggathering model components [K
copying file sha256:7a09bf37704ce637d40c52534c7120df18e9e6c70c1f7ff625a7c51e0217e0b1 100% [K
parsing GGUF [K
verifying conversion ⠇ [K[?25h[?2026l[?2026h[?25l[A[A[A[1Ggathering model components [K
copying file sha256:7a09bf37704ce637d40c52534c7120df18e9e6c70c1f7ff625a7c51e0217e0b1 100% [K
parsing GGUF [K
verifying conversion ⠏ [K[?25h[?2026l[?2026h[?25l[A[A[A[1Ggathering model components [K
copying file sha256:7a09bf37704ce637d40c52534c7120df18e9e6c70c1f7ff625a7c51e0217e0b1 100% [K
parsing GGUF [K
verifying conversion ⠋ [K[?25h[?2026l[?2026h[?25l[A[A[A[1Ggathering model components [K
copying file sha256:7a09bf37704ce637d40c52534c7120df18e9e6c70c1f7ff625a7c51e0217e0b1 100% [K
parsing GGUF [K
verifying conversion ⠙ [K[?25h[?2026l[?2026h[?25l[A[A[A[1Ggathering model components [K
copying file sha256:7a09bf37704ce637d40c52534c7120df18e9e6c70c1f7ff625a7c51e0217e0b1 100% [K
parsing GGUF [K
verifying conversion ⠹ [K[?25h[?2026l[?2026h[?25l[A[A[A[1Ggathering model components [K
copying file sha256:7a09bf37704ce637d40c52534c7120df18e9e6c70c1f7ff625a7c51e0217e0b1 100% [K
parsing GGUF [K
verifying conversion ⠸ [K[?25h[?2026l[?2026h[?25l[A[A[A[1Ggathering model components [K
copying file sha256:7a09bf37704ce637d40c52534c7120df18e9e6c70c1f7ff625a7c51e0217e0b1 100% [K
parsing GGUF [K
verifying conversion ⠼ [K[?25h[?2026l[?2026h[?25l[A[A[A[1Ggathering model components [K
copying file sha256:7a09bf37704ce637d40c52534c7120df18e9e6c70c1f7ff625a7c51e0217e0b1 100% [K
parsing GGUF [K
verifying conversion ⠴ [K[?25h[?2026l[?2026h[?25l[A[A[A[1Ggathering model components [K
copying file sha256:7a09bf37704ce637d40c52534c7120df18e9e6c70c1f7ff625a7c51e0217e0b1 100% [K
parsing GGUF [K
verifying conversion ⠦ [K[?25h[?2026l[?2026h[?25l[A[A[A[1Ggathering model components [K
copying file sha256:7a09bf37704ce637d40c52534c7120df18e9e6c70c1f7ff625a7c51e0217e0b1 100% [K
parsing GGUF [K
verifying conversion ⠧ [K[?25h[?2026l[?2026h[?25l[A[A[A[1Ggathering model components [K
copying file sha256:7a09bf37704ce637d40c52534c7120df18e9e6c70c1f7ff625a7c51e0217e0b1 100% [K
parsing GGUF [K
verifying conversion ⠇ [K[?25h[?2026l[?2026h[?25l[A[A[A[1Ggathering model components [K
copying file sha256:7a09bf37704ce637d40c52534c7120df18e9e6c70c1f7ff625a7c51e0217e0b1 100% [K
parsing GGUF [K
verifying conversion ⠏ [K[?25h[?2026l[?2026h[?25l[A[A[A[1Ggathering model components [K
copying file sha256:7a09bf37704ce637d40c52534c7120df18e9e6c70c1f7ff625a7c51e0217e0b1 100% [K
parsing GGUF [K
verifying conversion ⠋ [K[?25h[?2026l[?2026h[?25l[A[A[A[1Ggathering model components [K
copying file sha256:7a09bf37704ce637d40c52534c7120df18e9e6c70c1f7ff625a7c51e0217e0b1 100% [K
parsing GGUF [K
verifying conversion ⠙ [K[?25h[?2026l[?2026h[?25l[A[A[A[1Ggathering model components [K
copying file sha256:7a09bf37704ce637d40c52534c7120df18e9e6c70c1f7ff625a7c51e0217e0b1 100% [K
parsing GGUF [K
verifying conversion ⠹ [K[?25h[?2026l[?2026h[?25l[A[A[A[1Ggathering model components [K
copying file sha256:7a09bf37704ce637d40c52534c7120df18e9e6c70c1f7ff625a7c51e0217e0b1 100% [K
parsing GGUF [K
verifying conversion ⠸ [K[?25h[?2026l[?2026h[?25l[A[A[A[1Ggathering model components [K
copying file sha256:7a09bf37704ce637d40c52534c7120df18e9e6c70c1f7ff625a7c51e0217e0b1 100% [K
parsing GGUF [K
verifying conversion ⠼ [K[?25h[?2026l[?2026h[?25l[A[A[A[1Ggathering model components [K
copying file sha256:7a09bf37704ce637d40c52534c7120df18e9e6c70c1f7ff625a7c51e0217e0b1 100% [K
parsing GGUF [K
verifying conversion ⠴ [K[?25h[?2026l[?2026h[?25l[A[A[A[1Ggathering model components [K
copying file sha256:7a09bf37704ce637d40c52534c7120df18e9e6c70c1f7ff625a7c51e0217e0b1 100% [K
parsing GGUF [K
verifying conversion ⠦ [K[?25h[?2026l[?2026h[?25l[A[A[A[1Ggathering model components [K
copying file sha256:7a09bf37704ce637d40c52534c7120df18e9e6c70c1f7ff625a7c51e0217e0b1 100% [K
parsing GGUF [K
verifying conversion ⠧ [K[?25h[?2026l[?2026h[?25l[A[A[A[1Ggathering model components [K
copying file sha256:7a09bf37704ce637d40c52534c7120df18e9e6c70c1f7ff625a7c51e0217e0b1 100% [K
parsing GGUF [K
verifying conversion ⠇ [K[?25h[?2026l[?2026h[?25l[A[A[A[1Ggathering model components [K
copying file sha256:7a09bf37704ce637d40c52534c7120df18e9e6c70c1f7ff625a7c51e0217e0b1 100% [K
parsing GGUF [K
verifying conversion ⠏ [K[?25h[?2026l[?2026h[?25l[A[A[A[1Ggathering model components [K
copying file sha256:7a09bf37704ce637d40c52534c7120df18e9e6c70c1f7ff625a7c51e0217e0b1 100% [K
parsing GGUF [K
verifying conversion ⠋ [K[?25h[?2026l[?2026h[?25l[A[A[A[1Ggathering model components [K
copying file sha256:7a09bf37704ce637d40c52534c7120df18e9e6c70c1f7ff625a7c51e0217e0b1 100% [K
parsing GGUF [K
verifying conversion ⠙ [K[?25h[?2026l[?2026h[?25l[A[A[A[1Ggathering model components [K
copying file sha256:7a09bf37704ce637d40c52534c7120df18e9e6c70c1f7ff625a7c51e0217e0b1 100% [K
parsing GGUF [K
verifying conversion ⠹ [K[?25h[?2026l[?2026h[?25l[A[A[A[1Ggathering model components [K
copying file sha256:7a09bf37704ce637d40c52534c7120df18e9e6c70c1f7ff625a7c51e0217e0b1 100% [K
parsing GGUF [K
verifying conversion ⠸ [K[?25h[?2026l[?2026h[?25l[A[A[A[1Ggathering model components [K
copying file sha256:7a09bf37704ce637d40c52534c7120df18e9e6c70c1f7ff625a7c51e0217e0b1 100% [K
parsing GGUF [K
verifying conversion ⠼ [K[?25h[?2026l[?2026h[?25l[A[A[A[1Ggathering model components [K
copying file sha256:7a09bf37704ce637d40c52534c7120df18e9e6c70c1f7ff625a7c51e0217e0b1 100% [K
parsing GGUF [K
verifying conversion ⠴ [K[?25h[?2026l[?2026h[?25l[A[A[A[1Ggathering model components [K
copying file sha256:7a09bf37704ce637d40c52534c7120df18e9e6c70c1f7ff625a7c51e0217e0b1 100% [K
parsing GGUF [K
verifying conversion ⠦ [K[?25h[?2026l[?2026h[?25l[A[A[A[1Ggathering model components [K
copying file sha256:7a09bf37704ce637d40c52534c7120df18e9e6c70c1f7ff625a7c51e0217e0b1 100% [K
parsing GGUF [K
verifying conversion ⠧ [K[?25h[?2026l[?2026h[?25l[A[A[A[1Ggathering model components [K
copying file sha256:7a09bf37704ce637d40c52534c7120df18e9e6c70c1f7ff625a7c51e0217e0b1 100% [K
parsing GGUF [K
verifying conversion ⠇ [K[?25h[?2026l[?2026h[?25l[A[A[A[1Ggathering model components [K
copying file sha256:7a09bf37704ce637d40c52534c7120df18e9e6c70c1f7ff625a7c51e0217e0b1 100% [K
parsing GGUF [K
verifying conversion ⠏ [K[?25h[?2026l[?2026h[?25l[A[A[A[1Ggathering model components [K
copying file sha256:7a09bf37704ce637d40c52534c7120df18e9e6c70c1f7ff625a7c51e0217e0b1 100% [K
parsing GGUF [K
verifying conversion ⠋ [K[?25h[?2026l[?2026h[?25l[A[A[A[1Ggathering model components [K
copying file sha256:7a09bf37704ce637d40c52534c7120df18e9e6c70c1f7ff625a7c51e0217e0b1 100% [K
parsing GGUF [K
verifying conversion ⠙ [K[?25h[?2026l[?2026h[?25l[A[A[A[1Ggathering model components [K
copying file sha256:7a09bf37704ce637d40c52534c7120df18e9e6c70c1f7ff625a7c51e0217e0b1 100% [K
parsing GGUF [K
verifying conversion ⠹ [K[?25h[?2026l[?2026h[?25l[A[A[A[1Ggathering model components [K
copying file sha256:7a09bf37704ce637d40c52534c7120df18e9e6c70c1f7ff625a7c51e0217e0b1 100% [K
parsing GGUF [K
verifying conversion ⠸ [K[?25h[?2026l[?2026h[?25l[A[A[A[1Ggathering model components [K
copying file sha256:7a09bf37704ce637d40c52534c7120df18e9e6c70c1f7ff625a7c51e0217e0b1 100% [K
parsing GGUF [K
verifying conversion ⠼ [K[?25h[?2026l[?2026h[?25l[A[A[A[1Ggathering model components [K
copying file sha256:7a09bf37704ce637d40c52534c7120df18e9e6c70c1f7ff625a7c51e0217e0b1 100% [K
parsing GGUF [K
verifying conversion ⠴ [K[?25h[?2026l[?2026h[?25l[A[A[A[1Ggathering model components [K
copying file sha256:7a09bf37704ce637d40c52534c7120df18e9e6c70c1f7ff625a7c51e0217e0b1 100% [K
parsing GGUF [K
verifying conversion ⠦ [K[?25h[?2026l[?2026h[?25l[A[A[A[1Ggathering model components [K
copying file sha256:7a09bf37704ce637d40c52534c7120df18e9e6c70c1f7ff625a7c51e0217e0b1 100% [K
parsing GGUF [K
verifying conversion ⠧ [K[?25h[?2026l[?2026h[?25l[A[A[A[1Ggathering model components [K
copying file sha256:7a09bf37704ce637d40c52534c7120df18e9e6c70c1f7ff625a7c51e0217e0b1 100% [K
parsing GGUF [K
verifying conversion ⠇ [K[?25h[?2026l[?2026h[?25l[A[A[A[1Ggathering model components [K
copying file sha256:7a09bf37704ce637d40c52534c7120df18e9e6c70c1f7ff625a7c51e0217e0b1 100% [K
parsing GGUF [K
verifying conversion ⠏ [K[?25h[?2026l[?2026h[?25l[A[A[A[1Ggathering model components [K
copying file sha256:7a09bf37704ce637d40c52534c7120df18e9e6c70c1f7ff625a7c51e0217e0b1 100% [K
parsing GGUF [K
verifying conversion ⠋ [K[?25h[?2026l[?2026h[?25l[A[A[A[1Ggathering model components [K
copying file sha256:7a09bf37704ce637d40c52534c7120df18e9e6c70c1f7ff625a7c51e0217e0b1 100% [K
parsing GGUF [K
verifying conversion ⠙ [K[?25h[?2026l[?2026h[?25l[A[A[A[1Ggathering model components [K
copying file sha256:7a09bf37704ce637d40c52534c7120df18e9e6c70c1f7ff625a7c51e0217e0b1 100% [K
parsing GGUF [K
verifying conversion [K
creating new layer sha256:f7c2a71bab336534a5d1bcf472e135b034628877ea123bf166f5b1e7ac2cc176 [K
using existing layer sha256:fe0bb9a17f50cdacb92cf87e2d418b34fb8cd493db6d8299f21444f9dbc72129 [K
using existing layer sha256:66b9ea09bd5b7099cbb4fc820f31b575c0366fa439b08245566692c6784e281e [K
using existing layer sha256:832dd9e00a68dd83b3c3fb9f5588dad7dcf337a0db50f7d9483f310cd292e92e [K
using existing layer sha256:ce4a164fc04605703b485251fe9f1a181688ba0eb6badb80cc6335c0de17ca0d [K
writing manifest [K
success [K[?25h[?2026l
SERVE-DONE
